ISO-10303-21;
HEADER;
/* Generated by software containing ST-Developer
 * from STEP Tools, Inc. (www.steptools.com) 
 */
/* OPTION: using custom renumber hook */

FILE_DESCRIPTION(
/* description */ ('STEP AP214'),
/* implementation_level */ '2;1');

FILE_NAME(
/* name */ 'TSM-102-01-L-DH-A',
/* time_stamp */ '2026-09-22T21:57:44+02:00',
/* author */ ('License CC BY-ND 4.0'),
/* organization */ ('CADENAS'),
/* preprocessor_version */ 'ST-DEVELOPER v20',
/* originating_system */ 'PARTsolutions',
/* authorisation */ '  ');

FILE_SCHEMA (('AUTOMOTIVE_DESIGN {1 0 10303 214 3 1 1}'));
ENDSEC;

DATA;
#10=PROPERTY_DEFINITION_REPRESENTATION(#14,#12);
#11=PROPERTY_DEFINITION_REPRESENTATION(#15,#13);
#12=REPRESENTATION('',(#16),#5751);
#13=REPRESENTATION('',(#17),#5751);
#14=PROPERTY_DEFINITION('pmi validation property','',#5765);
#15=PROPERTY_DEFINITION('pmi validation property','',#5765);
#16=VALUE_REPRESENTATION_ITEM('number of annotations',COUNT_MEASURE(0.));
#17=VALUE_REPRESENTATION_ITEM('number of views',COUNT_MEASURE(0.));
#18=CONTEXT_DEPENDENT_SHAPE_REPRESENTATION(#24,#5767);
#19=CONTEXT_DEPENDENT_SHAPE_REPRESENTATION(#25,#5769);
#20=CONTEXT_DEPENDENT_SHAPE_REPRESENTATION(#26,#5771);
#21=NEXT_ASSEMBLY_USAGE_OCCURRENCE('NAUO1','TSM-102-01-DH-A_body',
'TSM-102-01-DH-A_body',#5772,#5773,'');
#22=NEXT_ASSEMBLY_USAGE_OCCURRENCE('NAUO2','T-1S6-09-L(-01-2-DH)',
'T-1S6-09-L(-01-2-DH)',#5772,#5774,'');
#23=NEXT_ASSEMBLY_USAGE_OCCURRENCE('NAUO3','T-1S6-09-L(-01-2-DH)2',
'T-1S6-09-L(-01-2-DH)2',#5772,#5775,'');
#24=(
REPRESENTATION_RELATIONSHIP(' ',' ',#3597,#3596)
REPRESENTATION_RELATIONSHIP_WITH_TRANSFORMATION(#27)
SHAPE_REPRESENTATION_RELATIONSHIP()
);
#25=(
REPRESENTATION_RELATIONSHIP(' ',' ',#3598,#3596)
REPRESENTATION_RELATIONSHIP_WITH_TRANSFORMATION(#28)
SHAPE_REPRESENTATION_RELATIONSHIP()
);
#26=(
REPRESENTATION_RELATIONSHIP(' ',' ',#3599,#3596)
REPRESENTATION_RELATIONSHIP_WITH_TRANSFORMATION(#29)
SHAPE_REPRESENTATION_RELATIONSHIP()
);
#27=ITEM_DEFINED_TRANSFORMATION(' ',' ',#3600,#3705);
#28=ITEM_DEFINED_TRANSFORMATION(' ',' ',#3600,#3736);
#29=ITEM_DEFINED_TRANSFORMATION(' ',' ',#3600,#3831);
#30=SHAPE_REPRESENTATION_RELATIONSHIP('','',#3597,#33);
#31=SHAPE_REPRESENTATION_RELATIONSHIP('','',#3598,#34);
#32=SHAPE_REPRESENTATION_RELATIONSHIP('','',#3599,#35);
#33=ADVANCED_BREP_SHAPE_REPRESENTATION('',(#3589),#5752);
#34=ADVANCED_BREP_SHAPE_REPRESENTATION('',(#3590),#5753);
#35=ADVANCED_BREP_SHAPE_REPRESENTATION('',(#3591),#5754);
#36=CONICAL_SURFACE('',#3702,0.031,0.291456794477867);
#37=CYLINDRICAL_SURFACE('',#3673,0.01);
#38=CYLINDRICAL_SURFACE('',#3675,0.01);
#39=CYLINDRICAL_SURFACE('',#3692,0.01);
#40=CYLINDRICAL_SURFACE('',#3694,0.01);
#41=CYLINDRICAL_SURFACE('',#3700,0.031);
#42=CYLINDRICAL_SURFACE('',#3745,0.0250000000000001);
#43=CYLINDRICAL_SURFACE('',#3748,0.0250000000000001);
#44=CYLINDRICAL_SURFACE('',#3753,0.0500000000000001);
#45=CYLINDRICAL_SURFACE('',#3756,0.0500000000000001);
#46=CYLINDRICAL_SURFACE('',#3765,0.0250000000000001);
#47=CYLINDRICAL_SURFACE('',#3768,0.0250000000000001);
#48=CYLINDRICAL_SURFACE('',#3773,0.05);
#49=CYLINDRICAL_SURFACE('',#3776,0.05);
#50=CYLINDRICAL_SURFACE('',#3783,0.0250000000000001);
#51=CYLINDRICAL_SURFACE('',#3786,0.0250000000000001);
#52=CYLINDRICAL_SURFACE('',#3791,0.0499999999999999);
#53=CYLINDRICAL_SURFACE('',#3794,0.0499999999999999);
#54=CYLINDRICAL_SURFACE('',#3803,0.025);
#55=CYLINDRICAL_SURFACE('',#3806,0.025);
#56=CYLINDRICAL_SURFACE('',#3811,0.0500000000000001);
#57=CYLINDRICAL_SURFACE('',#3814,0.0500000000000001);
#58=CIRCLE('',#3608,0.01);
#59=CIRCLE('',#3612,0.031);
#60=CIRCLE('',#3614,0.031);
#61=CIRCLE('',#3620,0.01);
#62=CIRCLE('',#3672,0.01);
#63=CIRCLE('',#3674,0.01);
#64=CIRCLE('',#3676,0.01);
#65=CIRCLE('',#3685,0.01);
#66=CIRCLE('',#3693,0.01);
#67=CIRCLE('',#3695,0.01);
#68=CIRCLE('',#3698,0.031);
#69=CIRCLE('',#3699,0.031);
#70=CIRCLE('',#3701,0.031);
#71=CIRCLE('',#3703,0.0235);
#72=CIRCLE('',#3746,0.0250000000000001);
#73=CIRCLE('',#3747,0.0250000000000001);
#74=CIRCLE('',#3749,0.0250000000000001);
#75=CIRCLE('',#3750,0.0250000000000001);
#76=CIRCLE('',#3754,0.0500000000000001);
#77=CIRCLE('',#3755,0.0500000000000001);
#78=CIRCLE('',#3757,0.0500000000000001);
#79=CIRCLE('',#3758,0.0500000000000001);
#80=CIRCLE('',#3766,0.0250000000000001);
#81=CIRCLE('',#3767,0.0250000000000001);
#82=CIRCLE('',#3769,0.0250000000000001);
#83=CIRCLE('',#3770,0.0250000000000001);
#84=CIRCLE('',#3774,0.05);
#85=CIRCLE('',#3775,0.05);
#86=CIRCLE('',#3777,0.05);
#87=CIRCLE('',#3778,0.05);
#88=CIRCLE('',#3784,0.0250000000000001);
#89=CIRCLE('',#3785,0.0250000000000001);
#90=CIRCLE('',#3787,0.0250000000000001);
#91=CIRCLE('',#3788,0.0250000000000001);
#92=CIRCLE('',#3792,0.0499999999999999);
#93=CIRCLE('',#3793,0.0499999999999999);
#94=CIRCLE('',#3795,0.0499999999999999);
#95=CIRCLE('',#3796,0.0499999999999999);
#96=CIRCLE('',#3804,0.025);
#97=CIRCLE('',#3805,0.025);
#98=CIRCLE('',#3807,0.025);
#99=CIRCLE('',#3808,0.025);
#100=CIRCLE('',#3812,0.0500000000000001);
#101=CIRCLE('',#3813,0.0500000000000001);
#102=CIRCLE('',#3815,0.0500000000000001);
#103=CIRCLE('',#3816,0.0500000000000001);
#104=ORIENTED_EDGE('',*,*,#1092,.F.);
#105=ORIENTED_EDGE('',*,*,#1093,.F.);
#106=ORIENTED_EDGE('',*,*,#1094,.F.);
#107=ORIENTED_EDGE('',*,*,#1095,.F.);
#108=ORIENTED_EDGE('',*,*,#1096,.T.);
#109=ORIENTED_EDGE('',*,*,#1097,.F.);
#110=ORIENTED_EDGE('',*,*,#1098,.F.);
#111=ORIENTED_EDGE('',*,*,#1099,.F.);
#112=ORIENTED_EDGE('',*,*,#1100,.F.);
#113=ORIENTED_EDGE('',*,*,#1101,.F.);
#114=ORIENTED_EDGE('',*,*,#1102,.F.);
#115=ORIENTED_EDGE('',*,*,#1103,.F.);
#116=ORIENTED_EDGE('',*,*,#1104,.F.);
#117=ORIENTED_EDGE('',*,*,#1105,.F.);
#118=ORIENTED_EDGE('',*,*,#1106,.F.);
#119=ORIENTED_EDGE('',*,*,#1107,.F.);
#120=ORIENTED_EDGE('',*,*,#1108,.F.);
#121=ORIENTED_EDGE('',*,*,#1109,.T.);
#122=ORIENTED_EDGE('',*,*,#1110,.T.);
#123=ORIENTED_EDGE('',*,*,#1111,.F.);
#124=ORIENTED_EDGE('',*,*,#1112,.F.);
#125=ORIENTED_EDGE('',*,*,#1113,.F.);
#126=ORIENTED_EDGE('',*,*,#1114,.F.);
#127=ORIENTED_EDGE('',*,*,#1115,.F.);
#128=ORIENTED_EDGE('',*,*,#1093,.T.);
#129=ORIENTED_EDGE('',*,*,#1116,.T.);
#130=ORIENTED_EDGE('',*,*,#1117,.F.);
#131=ORIENTED_EDGE('',*,*,#1118,.F.);
#132=ORIENTED_EDGE('',*,*,#1119,.F.);
#133=ORIENTED_EDGE('',*,*,#1120,.T.);
#134=ORIENTED_EDGE('',*,*,#1101,.T.);
#135=ORIENTED_EDGE('',*,*,#1121,.T.);
#136=ORIENTED_EDGE('',*,*,#1105,.T.);
#137=ORIENTED_EDGE('',*,*,#1122,.T.);
#138=ORIENTED_EDGE('',*,*,#1123,.F.);
#139=ORIENTED_EDGE('',*,*,#1124,.F.);
#140=ORIENTED_EDGE('',*,*,#1125,.F.);
#141=ORIENTED_EDGE('',*,*,#1126,.T.);
#142=ORIENTED_EDGE('',*,*,#1113,.T.);
#143=ORIENTED_EDGE('',*,*,#1127,.T.);
#144=ORIENTED_EDGE('',*,*,#1128,.T.);
#145=ORIENTED_EDGE('',*,*,#1129,.T.);
#146=ORIENTED_EDGE('',*,*,#1119,.T.);
#147=ORIENTED_EDGE('',*,*,#1130,.F.);
#148=ORIENTED_EDGE('',*,*,#1123,.T.);
#149=ORIENTED_EDGE('',*,*,#1131,.T.);
#150=ORIENTED_EDGE('',*,*,#1132,.T.);
#151=ORIENTED_EDGE('',*,*,#1133,.T.);
#152=ORIENTED_EDGE('',*,*,#1134,.T.);
#153=ORIENTED_EDGE('',*,*,#1135,.T.);
#154=ORIENTED_EDGE('',*,*,#1136,.T.);
#155=ORIENTED_EDGE('',*,*,#1137,.T.);
#156=ORIENTED_EDGE('',*,*,#1138,.T.);
#157=ORIENTED_EDGE('',*,*,#1139,.T.);
#158=ORIENTED_EDGE('',*,*,#1140,.F.);
#159=ORIENTED_EDGE('',*,*,#1141,.T.);
#160=ORIENTED_EDGE('',*,*,#1142,.T.);
#161=ORIENTED_EDGE('',*,*,#1143,.F.);
#162=ORIENTED_EDGE('',*,*,#1144,.F.);
#163=ORIENTED_EDGE('',*,*,#1145,.F.);
#164=ORIENTED_EDGE('',*,*,#1146,.T.);
#165=ORIENTED_EDGE('',*,*,#1147,.F.);
#166=ORIENTED_EDGE('',*,*,#1148,.F.);
#167=ORIENTED_EDGE('',*,*,#1149,.F.);
#168=ORIENTED_EDGE('',*,*,#1150,.F.);
#169=ORIENTED_EDGE('',*,*,#1151,.F.);
#170=ORIENTED_EDGE('',*,*,#1152,.F.);
#171=ORIENTED_EDGE('',*,*,#1153,.T.);
#172=ORIENTED_EDGE('',*,*,#1154,.T.);
#173=ORIENTED_EDGE('',*,*,#1155,.T.);
#174=ORIENTED_EDGE('',*,*,#1156,.F.);
#175=ORIENTED_EDGE('',*,*,#1157,.T.);
#176=ORIENTED_EDGE('',*,*,#1158,.T.);
#177=ORIENTED_EDGE('',*,*,#1159,.T.);
#178=ORIENTED_EDGE('',*,*,#1160,.F.);
#179=ORIENTED_EDGE('',*,*,#1130,.T.);
#180=ORIENTED_EDGE('',*,*,#1161,.T.);
#181=ORIENTED_EDGE('',*,*,#1162,.T.);
#182=ORIENTED_EDGE('',*,*,#1163,.T.);
#183=ORIENTED_EDGE('',*,*,#1164,.T.);
#184=ORIENTED_EDGE('',*,*,#1165,.T.);
#185=ORIENTED_EDGE('',*,*,#1166,.F.);
#186=ORIENTED_EDGE('',*,*,#1167,.F.);
#187=ORIENTED_EDGE('',*,*,#1168,.T.);
#188=ORIENTED_EDGE('',*,*,#1169,.T.);
#189=ORIENTED_EDGE('',*,*,#1170,.T.);
#190=ORIENTED_EDGE('',*,*,#1171,.F.);
#191=ORIENTED_EDGE('',*,*,#1172,.F.);
#192=ORIENTED_EDGE('',*,*,#1173,.F.);
#193=ORIENTED_EDGE('',*,*,#1174,.F.);
#194=ORIENTED_EDGE('',*,*,#1175,.T.);
#195=ORIENTED_EDGE('',*,*,#1176,.T.);
#196=ORIENTED_EDGE('',*,*,#1177,.F.);
#197=ORIENTED_EDGE('',*,*,#1178,.F.);
#198=ORIENTED_EDGE('',*,*,#1179,.F.);
#199=ORIENTED_EDGE('',*,*,#1180,.F.);
#200=ORIENTED_EDGE('',*,*,#1181,.F.);
#201=ORIENTED_EDGE('',*,*,#1182,.T.);
#202=ORIENTED_EDGE('',*,*,#1183,.F.);
#203=ORIENTED_EDGE('',*,*,#1184,.F.);
#204=ORIENTED_EDGE('',*,*,#1185,.F.);
#205=ORIENTED_EDGE('',*,*,#1186,.F.);
#206=ORIENTED_EDGE('',*,*,#1187,.T.);
#207=ORIENTED_EDGE('',*,*,#1188,.T.);
#208=ORIENTED_EDGE('',*,*,#1189,.T.);
#209=ORIENTED_EDGE('',*,*,#1190,.F.);
#210=ORIENTED_EDGE('',*,*,#1191,.T.);
#211=ORIENTED_EDGE('',*,*,#1192,.T.);
#212=ORIENTED_EDGE('',*,*,#1193,.T.);
#213=ORIENTED_EDGE('',*,*,#1194,.F.);
#214=ORIENTED_EDGE('',*,*,#1195,.T.);
#215=ORIENTED_EDGE('',*,*,#1196,.T.);
#216=ORIENTED_EDGE('',*,*,#1197,.T.);
#217=ORIENTED_EDGE('',*,*,#1198,.F.);
#218=ORIENTED_EDGE('',*,*,#1199,.T.);
#219=ORIENTED_EDGE('',*,*,#1200,.T.);
#220=ORIENTED_EDGE('',*,*,#1201,.T.);
#221=ORIENTED_EDGE('',*,*,#1202,.F.);
#222=ORIENTED_EDGE('',*,*,#1203,.F.);
#223=ORIENTED_EDGE('',*,*,#1204,.F.);
#224=ORIENTED_EDGE('',*,*,#1205,.F.);
#225=ORIENTED_EDGE('',*,*,#1195,.F.);
#226=ORIENTED_EDGE('',*,*,#1166,.T.);
#227=ORIENTED_EDGE('',*,*,#1193,.F.);
#228=ORIENTED_EDGE('',*,*,#1118,.T.);
#229=ORIENTED_EDGE('',*,*,#1140,.T.);
#230=ORIENTED_EDGE('',*,*,#1206,.T.);
#231=ORIENTED_EDGE('',*,*,#1207,.F.);
#232=ORIENTED_EDGE('',*,*,#1094,.T.);
#233=ORIENTED_EDGE('',*,*,#1208,.F.);
#234=ORIENTED_EDGE('',*,*,#1209,.T.);
#235=ORIENTED_EDGE('',*,*,#1148,.T.);
#236=ORIENTED_EDGE('',*,*,#1190,.T.);
#237=ORIENTED_EDGE('',*,*,#1210,.T.);
#238=ORIENTED_EDGE('',*,*,#1178,.T.);
#239=ORIENTED_EDGE('',*,*,#1211,.T.);
#240=ORIENTED_EDGE('',*,*,#1212,.T.);
#241=ORIENTED_EDGE('',*,*,#1142,.F.);
#242=ORIENTED_EDGE('',*,*,#1127,.F.);
#243=ORIENTED_EDGE('',*,*,#1112,.T.);
#244=ORIENTED_EDGE('',*,*,#1146,.F.);
#245=ORIENTED_EDGE('',*,*,#1213,.T.);
#246=ORIENTED_EDGE('',*,*,#1214,.T.);
#247=ORIENTED_EDGE('',*,*,#1180,.T.);
#248=ORIENTED_EDGE('',*,*,#1215,.T.);
#249=ORIENTED_EDGE('',*,*,#1202,.T.);
#250=ORIENTED_EDGE('',*,*,#1216,.T.);
#251=ORIENTED_EDGE('',*,*,#1217,.T.);
#252=ORIENTED_EDGE('',*,*,#1161,.F.);
#253=ORIENTED_EDGE('',*,*,#1121,.F.);
#254=ORIENTED_EDGE('',*,*,#1100,.T.);
#255=ORIENTED_EDGE('',*,*,#1165,.F.);
#256=ORIENTED_EDGE('',*,*,#1218,.T.);
#257=ORIENTED_EDGE('',*,*,#1219,.T.);
#258=ORIENTED_EDGE('',*,*,#1172,.T.);
#259=ORIENTED_EDGE('',*,*,#1220,.T.);
#260=ORIENTED_EDGE('',*,*,#1194,.T.);
#261=ORIENTED_EDGE('',*,*,#1124,.T.);
#262=ORIENTED_EDGE('',*,*,#1160,.T.);
#263=ORIENTED_EDGE('',*,*,#1221,.T.);
#264=ORIENTED_EDGE('',*,*,#1222,.F.);
#265=ORIENTED_EDGE('',*,*,#1106,.T.);
#266=ORIENTED_EDGE('',*,*,#1223,.F.);
#267=ORIENTED_EDGE('',*,*,#1224,.T.);
#268=ORIENTED_EDGE('',*,*,#1167,.T.);
#269=ORIENTED_EDGE('',*,*,#1198,.T.);
#270=ORIENTED_EDGE('',*,*,#1225,.T.);
#271=ORIENTED_EDGE('',*,*,#1186,.T.);
#272=ORIENTED_EDGE('',*,*,#1133,.F.);
#273=ORIENTED_EDGE('',*,*,#1226,.F.);
#274=ORIENTED_EDGE('',*,*,#1152,.T.);
#275=ORIENTED_EDGE('',*,*,#1227,.T.);
#276=ORIENTED_EDGE('',*,*,#1134,.F.);
#277=ORIENTED_EDGE('',*,*,#1227,.F.);
#278=ORIENTED_EDGE('',*,*,#1159,.F.);
#279=ORIENTED_EDGE('',*,*,#1228,.T.);
#280=ORIENTED_EDGE('',*,*,#1229,.T.);
#281=ORIENTED_EDGE('',*,*,#1136,.F.);
#282=ORIENTED_EDGE('',*,*,#1230,.F.);
#283=ORIENTED_EDGE('',*,*,#1157,.F.);
#284=ORIENTED_EDGE('',*,*,#1137,.F.);
#285=ORIENTED_EDGE('',*,*,#1229,.F.);
#286=ORIENTED_EDGE('',*,*,#1156,.T.);
#287=ORIENTED_EDGE('',*,*,#1231,.T.);
#288=ORIENTED_EDGE('',*,*,#1138,.F.);
#289=ORIENTED_EDGE('',*,*,#1231,.F.);
#290=ORIENTED_EDGE('',*,*,#1155,.F.);
#291=ORIENTED_EDGE('',*,*,#1232,.T.);
#292=ORIENTED_EDGE('',*,*,#1226,.T.);
#293=ORIENTED_EDGE('',*,*,#1132,.F.);
#294=ORIENTED_EDGE('',*,*,#1233,.F.);
#295=ORIENTED_EDGE('',*,*,#1153,.F.);
#296=ORIENTED_EDGE('',*,*,#1234,.F.);
#297=ORIENTED_EDGE('',*,*,#1235,.F.);
#298=ORIENTED_EDGE('',*,*,#1236,.F.);
#299=ORIENTED_EDGE('',*,*,#1237,.F.);
#300=ORIENTED_EDGE('',*,*,#1238,.F.);
#301=ORIENTED_EDGE('',*,*,#1239,.F.);
#302=ORIENTED_EDGE('',*,*,#1240,.F.);
#303=ORIENTED_EDGE('',*,*,#1241,.F.);
#304=ORIENTED_EDGE('',*,*,#1174,.T.);
#305=ORIENTED_EDGE('',*,*,#1242,.T.);
#306=ORIENTED_EDGE('',*,*,#1098,.T.);
#307=ORIENTED_EDGE('',*,*,#1243,.T.);
#308=ORIENTED_EDGE('',*,*,#1244,.F.);
#309=ORIENTED_EDGE('',*,*,#1245,.F.);
#310=ORIENTED_EDGE('',*,*,#1246,.F.);
#311=ORIENTED_EDGE('',*,*,#1247,.F.);
#312=ORIENTED_EDGE('',*,*,#1248,.F.);
#313=ORIENTED_EDGE('',*,*,#1249,.F.);
#314=ORIENTED_EDGE('',*,*,#1250,.F.);
#315=ORIENTED_EDGE('',*,*,#1251,.F.);
#316=ORIENTED_EDGE('',*,*,#1108,.T.);
#317=ORIENTED_EDGE('',*,*,#1252,.T.);
#318=ORIENTED_EDGE('',*,*,#1184,.T.);
#319=ORIENTED_EDGE('',*,*,#1253,.T.);
#320=ORIENTED_EDGE('',*,*,#1254,.T.);
#321=ORIENTED_EDGE('',*,*,#1255,.T.);
#322=ORIENTED_EDGE('',*,*,#1256,.T.);
#323=ORIENTED_EDGE('',*,*,#1257,.T.);
#324=ORIENTED_EDGE('',*,*,#1258,.T.);
#325=ORIENTED_EDGE('',*,*,#1259,.T.);
#326=ORIENTED_EDGE('',*,*,#1260,.T.);
#327=ORIENTED_EDGE('',*,*,#1261,.T.);
#328=ORIENTED_EDGE('',*,*,#1262,.F.);
#329=ORIENTED_EDGE('',*,*,#1176,.F.);
#330=ORIENTED_EDGE('',*,*,#1263,.F.);
#331=ORIENTED_EDGE('',*,*,#1096,.F.);
#332=ORIENTED_EDGE('',*,*,#1264,.T.);
#333=ORIENTED_EDGE('',*,*,#1265,.T.);
#334=ORIENTED_EDGE('',*,*,#1266,.T.);
#335=ORIENTED_EDGE('',*,*,#1267,.T.);
#336=ORIENTED_EDGE('',*,*,#1268,.T.);
#337=ORIENTED_EDGE('',*,*,#1269,.T.);
#338=ORIENTED_EDGE('',*,*,#1270,.T.);
#339=ORIENTED_EDGE('',*,*,#1271,.T.);
#340=ORIENTED_EDGE('',*,*,#1272,.F.);
#341=ORIENTED_EDGE('',*,*,#1110,.F.);
#342=ORIENTED_EDGE('',*,*,#1273,.F.);
#343=ORIENTED_EDGE('',*,*,#1182,.F.);
#344=ORIENTED_EDGE('',*,*,#1263,.T.);
#345=ORIENTED_EDGE('',*,*,#1175,.F.);
#346=ORIENTED_EDGE('',*,*,#1243,.F.);
#347=ORIENTED_EDGE('',*,*,#1097,.T.);
#348=ORIENTED_EDGE('',*,*,#1264,.F.);
#349=ORIENTED_EDGE('',*,*,#1274,.F.);
#350=ORIENTED_EDGE('',*,*,#1244,.T.);
#351=ORIENTED_EDGE('',*,*,#1275,.T.);
#352=ORIENTED_EDGE('',*,*,#1267,.F.);
#353=ORIENTED_EDGE('',*,*,#1276,.F.);
#354=ORIENTED_EDGE('',*,*,#1245,.T.);
#355=ORIENTED_EDGE('',*,*,#1274,.T.);
#356=ORIENTED_EDGE('',*,*,#1266,.F.);
#357=ORIENTED_EDGE('',*,*,#1277,.F.);
#358=ORIENTED_EDGE('',*,*,#1246,.T.);
#359=ORIENTED_EDGE('',*,*,#1276,.T.);
#360=ORIENTED_EDGE('',*,*,#1268,.F.);
#361=ORIENTED_EDGE('',*,*,#1278,.F.);
#362=ORIENTED_EDGE('',*,*,#1248,.T.);
#363=ORIENTED_EDGE('',*,*,#1279,.T.);
#364=ORIENTED_EDGE('',*,*,#1271,.F.);
#365=ORIENTED_EDGE('',*,*,#1280,.F.);
#366=ORIENTED_EDGE('',*,*,#1249,.T.);
#367=ORIENTED_EDGE('',*,*,#1278,.T.);
#368=ORIENTED_EDGE('',*,*,#1270,.F.);
#369=ORIENTED_EDGE('',*,*,#1281,.F.);
#370=ORIENTED_EDGE('',*,*,#1250,.T.);
#371=ORIENTED_EDGE('',*,*,#1280,.T.);
#372=ORIENTED_EDGE('',*,*,#1254,.F.);
#373=ORIENTED_EDGE('',*,*,#1282,.F.);
#374=ORIENTED_EDGE('',*,*,#1238,.T.);
#375=ORIENTED_EDGE('',*,*,#1283,.T.);
#376=ORIENTED_EDGE('',*,*,#1257,.F.);
#377=ORIENTED_EDGE('',*,*,#1284,.F.);
#378=ORIENTED_EDGE('',*,*,#1239,.T.);
#379=ORIENTED_EDGE('',*,*,#1282,.T.);
#380=ORIENTED_EDGE('',*,*,#1256,.F.);
#381=ORIENTED_EDGE('',*,*,#1285,.F.);
#382=ORIENTED_EDGE('',*,*,#1240,.T.);
#383=ORIENTED_EDGE('',*,*,#1284,.T.);
#384=ORIENTED_EDGE('',*,*,#1258,.F.);
#385=ORIENTED_EDGE('',*,*,#1286,.F.);
#386=ORIENTED_EDGE('',*,*,#1234,.T.);
#387=ORIENTED_EDGE('',*,*,#1287,.T.);
#388=ORIENTED_EDGE('',*,*,#1261,.F.);
#389=ORIENTED_EDGE('',*,*,#1288,.F.);
#390=ORIENTED_EDGE('',*,*,#1235,.T.);
#391=ORIENTED_EDGE('',*,*,#1286,.T.);
#392=ORIENTED_EDGE('',*,*,#1260,.F.);
#393=ORIENTED_EDGE('',*,*,#1289,.F.);
#394=ORIENTED_EDGE('',*,*,#1236,.T.);
#395=ORIENTED_EDGE('',*,*,#1288,.T.);
#396=ORIENTED_EDGE('',*,*,#1265,.F.);
#397=ORIENTED_EDGE('',*,*,#1275,.F.);
#398=ORIENTED_EDGE('',*,*,#1247,.T.);
#399=ORIENTED_EDGE('',*,*,#1277,.T.);
#400=ORIENTED_EDGE('',*,*,#1269,.F.);
#401=ORIENTED_EDGE('',*,*,#1279,.F.);
#402=ORIENTED_EDGE('',*,*,#1251,.T.);
#403=ORIENTED_EDGE('',*,*,#1281,.T.);
#404=ORIENTED_EDGE('',*,*,#1255,.F.);
#405=ORIENTED_EDGE('',*,*,#1283,.F.);
#406=ORIENTED_EDGE('',*,*,#1241,.T.);
#407=ORIENTED_EDGE('',*,*,#1285,.T.);
#408=ORIENTED_EDGE('',*,*,#1259,.F.);
#409=ORIENTED_EDGE('',*,*,#1287,.F.);
#410=ORIENTED_EDGE('',*,*,#1237,.T.);
#411=ORIENTED_EDGE('',*,*,#1289,.T.);
#412=ORIENTED_EDGE('',*,*,#1273,.T.);
#413=ORIENTED_EDGE('',*,*,#1109,.F.);
#414=ORIENTED_EDGE('',*,*,#1253,.F.);
#415=ORIENTED_EDGE('',*,*,#1183,.T.);
#416=ORIENTED_EDGE('',*,*,#1262,.T.);
#417=ORIENTED_EDGE('',*,*,#1095,.T.);
#418=ORIENTED_EDGE('',*,*,#1207,.T.);
#419=ORIENTED_EDGE('',*,*,#1290,.F.);
#420=ORIENTED_EDGE('',*,*,#1150,.T.);
#421=ORIENTED_EDGE('',*,*,#1291,.T.);
#422=ORIENTED_EDGE('',*,*,#1208,.T.);
#423=ORIENTED_EDGE('',*,*,#1177,.T.);
#424=ORIENTED_EDGE('',*,*,#1214,.F.);
#425=ORIENTED_EDGE('',*,*,#1292,.F.);
#426=ORIENTED_EDGE('',*,*,#1144,.T.);
#427=ORIENTED_EDGE('',*,*,#1293,.T.);
#428=ORIENTED_EDGE('',*,*,#1211,.F.);
#429=ORIENTED_EDGE('',*,*,#1111,.T.);
#430=ORIENTED_EDGE('',*,*,#1272,.T.);
#431=ORIENTED_EDGE('',*,*,#1181,.T.);
#432=ORIENTED_EDGE('',*,*,#1219,.F.);
#433=ORIENTED_EDGE('',*,*,#1294,.T.);
#434=ORIENTED_EDGE('',*,*,#1163,.F.);
#435=ORIENTED_EDGE('',*,*,#1295,.F.);
#436=ORIENTED_EDGE('',*,*,#1216,.F.);
#437=ORIENTED_EDGE('',*,*,#1099,.T.);
#438=ORIENTED_EDGE('',*,*,#1242,.F.);
#439=ORIENTED_EDGE('',*,*,#1173,.T.);
#440=ORIENTED_EDGE('',*,*,#1185,.T.);
#441=ORIENTED_EDGE('',*,*,#1252,.F.);
#442=ORIENTED_EDGE('',*,*,#1107,.T.);
#443=ORIENTED_EDGE('',*,*,#1222,.T.);
#444=ORIENTED_EDGE('',*,*,#1296,.T.);
#445=ORIENTED_EDGE('',*,*,#1169,.F.);
#446=ORIENTED_EDGE('',*,*,#1297,.F.);
#447=ORIENTED_EDGE('',*,*,#1223,.T.);
#448=ORIENTED_EDGE('',*,*,#1228,.F.);
#449=ORIENTED_EDGE('',*,*,#1158,.F.);
#450=ORIENTED_EDGE('',*,*,#1230,.T.);
#451=ORIENTED_EDGE('',*,*,#1135,.F.);
#452=ORIENTED_EDGE('',*,*,#1232,.F.);
#453=ORIENTED_EDGE('',*,*,#1154,.F.);
#454=ORIENTED_EDGE('',*,*,#1233,.T.);
#455=ORIENTED_EDGE('',*,*,#1139,.F.);
#456=ORIENTED_EDGE('',*,*,#1164,.F.);
#457=ORIENTED_EDGE('',*,*,#1294,.F.);
#458=ORIENTED_EDGE('',*,*,#1218,.F.);
#459=ORIENTED_EDGE('',*,*,#1295,.T.);
#460=ORIENTED_EDGE('',*,*,#1162,.F.);
#461=ORIENTED_EDGE('',*,*,#1217,.F.);
#462=ORIENTED_EDGE('',*,*,#1170,.F.);
#463=ORIENTED_EDGE('',*,*,#1296,.F.);
#464=ORIENTED_EDGE('',*,*,#1221,.F.);
#465=ORIENTED_EDGE('',*,*,#1297,.T.);
#466=ORIENTED_EDGE('',*,*,#1168,.F.);
#467=ORIENTED_EDGE('',*,*,#1224,.F.);
#468=ORIENTED_EDGE('',*,*,#1145,.T.);
#469=ORIENTED_EDGE('',*,*,#1292,.T.);
#470=ORIENTED_EDGE('',*,*,#1213,.F.);
#471=ORIENTED_EDGE('',*,*,#1293,.F.);
#472=ORIENTED_EDGE('',*,*,#1143,.T.);
#473=ORIENTED_EDGE('',*,*,#1212,.F.);
#474=ORIENTED_EDGE('',*,*,#1151,.T.);
#475=ORIENTED_EDGE('',*,*,#1290,.T.);
#476=ORIENTED_EDGE('',*,*,#1206,.F.);
#477=ORIENTED_EDGE('',*,*,#1291,.F.);
#478=ORIENTED_EDGE('',*,*,#1149,.T.);
#479=ORIENTED_EDGE('',*,*,#1209,.F.);
#480=ORIENTED_EDGE('',*,*,#1298,.F.);
#481=ORIENTED_EDGE('',*,*,#1187,.F.);
#482=ORIENTED_EDGE('',*,*,#1147,.T.);
#483=ORIENTED_EDGE('',*,*,#1201,.F.);
#484=ORIENTED_EDGE('',*,*,#1299,.F.);
#485=ORIENTED_EDGE('',*,*,#1300,.F.);
#486=ORIENTED_EDGE('',*,*,#1204,.T.);
#487=ORIENTED_EDGE('',*,*,#1301,.F.);
#488=ORIENTED_EDGE('',*,*,#1302,.T.);
#489=ORIENTED_EDGE('',*,*,#1303,.T.);
#490=ORIENTED_EDGE('',*,*,#1300,.T.);
#491=ORIENTED_EDGE('',*,*,#1304,.F.);
#492=ORIENTED_EDGE('',*,*,#1305,.T.);
#493=ORIENTED_EDGE('',*,*,#1306,.T.);
#494=ORIENTED_EDGE('',*,*,#1298,.T.);
#495=ORIENTED_EDGE('',*,*,#1306,.F.);
#496=ORIENTED_EDGE('',*,*,#1307,.T.);
#497=ORIENTED_EDGE('',*,*,#1308,.T.);
#498=ORIENTED_EDGE('',*,*,#1309,.F.);
#499=ORIENTED_EDGE('',*,*,#1188,.F.);
#500=ORIENTED_EDGE('',*,*,#1310,.F.);
#501=ORIENTED_EDGE('',*,*,#1308,.F.);
#502=ORIENTED_EDGE('',*,*,#1311,.T.);
#503=ORIENTED_EDGE('',*,*,#1312,.T.);
#504=ORIENTED_EDGE('',*,*,#1313,.F.);
#505=ORIENTED_EDGE('',*,*,#1312,.F.);
#506=ORIENTED_EDGE('',*,*,#1314,.T.);
#507=ORIENTED_EDGE('',*,*,#1301,.T.);
#508=ORIENTED_EDGE('',*,*,#1203,.T.);
#509=ORIENTED_EDGE('',*,*,#1192,.F.);
#510=ORIENTED_EDGE('',*,*,#1205,.T.);
#511=ORIENTED_EDGE('',*,*,#1303,.F.);
#512=ORIENTED_EDGE('',*,*,#1315,.T.);
#513=ORIENTED_EDGE('',*,*,#1316,.T.);
#514=ORIENTED_EDGE('',*,*,#1317,.F.);
#515=ORIENTED_EDGE('',*,*,#1196,.F.);
#516=ORIENTED_EDGE('',*,*,#1318,.F.);
#517=ORIENTED_EDGE('',*,*,#1316,.F.);
#518=ORIENTED_EDGE('',*,*,#1319,.T.);
#519=ORIENTED_EDGE('',*,*,#1320,.T.);
#520=ORIENTED_EDGE('',*,*,#1321,.F.);
#521=ORIENTED_EDGE('',*,*,#1320,.F.);
#522=ORIENTED_EDGE('',*,*,#1322,.T.);
#523=ORIENTED_EDGE('',*,*,#1304,.T.);
#524=ORIENTED_EDGE('',*,*,#1299,.T.);
#525=ORIENTED_EDGE('',*,*,#1200,.F.);
#526=ORIENTED_EDGE('',*,*,#1307,.F.);
#527=ORIENTED_EDGE('',*,*,#1305,.F.);
#528=ORIENTED_EDGE('',*,*,#1322,.F.);
#529=ORIENTED_EDGE('',*,*,#1319,.F.);
#530=ORIENTED_EDGE('',*,*,#1315,.F.);
#531=ORIENTED_EDGE('',*,*,#1302,.F.);
#532=ORIENTED_EDGE('',*,*,#1314,.F.);
#533=ORIENTED_EDGE('',*,*,#1311,.F.);
#534=ORIENTED_EDGE('',*,*,#1117,.T.);
#535=ORIENTED_EDGE('',*,*,#1323,.T.);
#536=ORIENTED_EDGE('',*,*,#1324,.T.);
#537=ORIENTED_EDGE('',*,*,#1325,.T.);
#538=ORIENTED_EDGE('',*,*,#1125,.T.);
#539=ORIENTED_EDGE('',*,*,#1141,.F.);
#540=ORIENTED_EDGE('',*,*,#1103,.T.);
#541=ORIENTED_EDGE('',*,*,#1326,.T.);
#542=ORIENTED_EDGE('',*,*,#1327,.F.);
#543=ORIENTED_EDGE('',*,*,#1328,.F.);
#544=ORIENTED_EDGE('',*,*,#1115,.T.);
#545=ORIENTED_EDGE('',*,*,#1329,.T.);
#546=ORIENTED_EDGE('',*,*,#1330,.F.);
#547=ORIENTED_EDGE('',*,*,#1331,.F.);
#548=ORIENTED_EDGE('',*,*,#1092,.T.);
#549=ORIENTED_EDGE('',*,*,#1328,.T.);
#550=ORIENTED_EDGE('',*,*,#1332,.F.);
#551=ORIENTED_EDGE('',*,*,#1333,.F.);
#552=ORIENTED_EDGE('',*,*,#1323,.F.);
#553=ORIENTED_EDGE('',*,*,#1116,.F.);
#554=ORIENTED_EDGE('',*,*,#1102,.T.);
#555=ORIENTED_EDGE('',*,*,#1120,.F.);
#556=ORIENTED_EDGE('',*,*,#1129,.F.);
#557=ORIENTED_EDGE('',*,*,#1334,.T.);
#558=ORIENTED_EDGE('',*,*,#1335,.F.);
#559=ORIENTED_EDGE('',*,*,#1326,.F.);
#560=ORIENTED_EDGE('',*,*,#1104,.T.);
#561=ORIENTED_EDGE('',*,*,#1331,.T.);
#562=ORIENTED_EDGE('',*,*,#1336,.F.);
#563=ORIENTED_EDGE('',*,*,#1337,.F.);
#564=ORIENTED_EDGE('',*,*,#1131,.F.);
#565=ORIENTED_EDGE('',*,*,#1122,.F.);
#566=ORIENTED_EDGE('',*,*,#1114,.T.);
#567=ORIENTED_EDGE('',*,*,#1126,.F.);
#568=ORIENTED_EDGE('',*,*,#1325,.F.);
#569=ORIENTED_EDGE('',*,*,#1338,.T.);
#570=ORIENTED_EDGE('',*,*,#1339,.F.);
#571=ORIENTED_EDGE('',*,*,#1329,.F.);
#572=ORIENTED_EDGE('',*,*,#1337,.T.);
#573=ORIENTED_EDGE('',*,*,#1340,.F.);
#574=ORIENTED_EDGE('',*,*,#1334,.F.);
#575=ORIENTED_EDGE('',*,*,#1128,.F.);
#576=ORIENTED_EDGE('',*,*,#1333,.T.);
#577=ORIENTED_EDGE('',*,*,#1341,.F.);
#578=ORIENTED_EDGE('',*,*,#1338,.F.);
#579=ORIENTED_EDGE('',*,*,#1324,.F.);
#580=ORIENTED_EDGE('',*,*,#1332,.T.);
#581=ORIENTED_EDGE('',*,*,#1327,.T.);
#582=ORIENTED_EDGE('',*,*,#1335,.T.);
#583=ORIENTED_EDGE('',*,*,#1340,.T.);
#584=ORIENTED_EDGE('',*,*,#1336,.T.);
#585=ORIENTED_EDGE('',*,*,#1330,.T.);
#586=ORIENTED_EDGE('',*,*,#1339,.T.);
#587=ORIENTED_EDGE('',*,*,#1341,.T.);
#588=ORIENTED_EDGE('',*,*,#1220,.F.);
#589=ORIENTED_EDGE('',*,*,#1342,.F.);
#590=ORIENTED_EDGE('',*,*,#1225,.F.);
#591=ORIENTED_EDGE('',*,*,#1197,.F.);
#592=ORIENTED_EDGE('',*,*,#1317,.T.);
#593=ORIENTED_EDGE('',*,*,#1318,.T.);
#594=ORIENTED_EDGE('',*,*,#1321,.T.);
#595=ORIENTED_EDGE('',*,*,#1199,.F.);
#596=ORIENTED_EDGE('',*,*,#1215,.F.);
#597=ORIENTED_EDGE('',*,*,#1343,.F.);
#598=ORIENTED_EDGE('',*,*,#1210,.F.);
#599=ORIENTED_EDGE('',*,*,#1189,.F.);
#600=ORIENTED_EDGE('',*,*,#1309,.T.);
#601=ORIENTED_EDGE('',*,*,#1310,.T.);
#602=ORIENTED_EDGE('',*,*,#1313,.T.);
#603=ORIENTED_EDGE('',*,*,#1191,.F.);
#604=ORIENTED_EDGE('',*,*,#1344,.F.);
#605=ORIENTED_EDGE('',*,*,#1179,.T.);
#606=ORIENTED_EDGE('',*,*,#1342,.T.);
#607=ORIENTED_EDGE('',*,*,#1171,.T.);
#608=ORIENTED_EDGE('',*,*,#1343,.T.);
#609=ORIENTED_EDGE('',*,*,#1345,.F.);
#610=ORIENTED_EDGE('',*,*,#1344,.T.);
#611=ORIENTED_EDGE('',*,*,#1345,.T.);
#612=ORIENTED_EDGE('',*,*,#1346,.F.);
#613=ORIENTED_EDGE('',*,*,#1347,.F.);
#614=ORIENTED_EDGE('',*,*,#1348,.F.);
#615=ORIENTED_EDGE('',*,*,#1349,.T.);
#616=ORIENTED_EDGE('',*,*,#1350,.F.);
#617=ORIENTED_EDGE('',*,*,#1351,.F.);
#618=ORIENTED_EDGE('',*,*,#1352,.F.);
#619=ORIENTED_EDGE('',*,*,#1347,.T.);
#620=ORIENTED_EDGE('',*,*,#1353,.F.);
#621=ORIENTED_EDGE('',*,*,#1354,.F.);
#622=ORIENTED_EDGE('',*,*,#1355,.F.);
#623=ORIENTED_EDGE('',*,*,#1351,.T.);
#624=ORIENTED_EDGE('',*,*,#1356,.T.);
#625=ORIENTED_EDGE('',*,*,#1357,.T.);
#626=ORIENTED_EDGE('',*,*,#1358,.F.);
#627=ORIENTED_EDGE('',*,*,#1359,.T.);
#628=ORIENTED_EDGE('',*,*,#1358,.T.);
#629=ORIENTED_EDGE('',*,*,#1360,.T.);
#630=ORIENTED_EDGE('',*,*,#1361,.F.);
#631=ORIENTED_EDGE('',*,*,#1362,.T.);
#632=ORIENTED_EDGE('',*,*,#1361,.T.);
#633=ORIENTED_EDGE('',*,*,#1363,.T.);
#634=ORIENTED_EDGE('',*,*,#1364,.F.);
#635=ORIENTED_EDGE('',*,*,#1365,.T.);
#636=ORIENTED_EDGE('',*,*,#1364,.T.);
#637=ORIENTED_EDGE('',*,*,#1366,.T.);
#638=ORIENTED_EDGE('',*,*,#1356,.F.);
#639=ORIENTED_EDGE('',*,*,#1367,.T.);
#640=ORIENTED_EDGE('',*,*,#1368,.F.);
#641=ORIENTED_EDGE('',*,*,#1349,.F.);
#642=ORIENTED_EDGE('',*,*,#1369,.F.);
#643=ORIENTED_EDGE('',*,*,#1354,.T.);
#644=ORIENTED_EDGE('',*,*,#1370,.F.);
#645=ORIENTED_EDGE('',*,*,#1371,.T.);
#646=ORIENTED_EDGE('',*,*,#1372,.T.);
#647=ORIENTED_EDGE('',*,*,#1373,.F.);
#648=ORIENTED_EDGE('',*,*,#1374,.F.);
#649=ORIENTED_EDGE('',*,*,#1375,.F.);
#650=ORIENTED_EDGE('',*,*,#1376,.F.);
#651=ORIENTED_EDGE('',*,*,#1377,.T.);
#652=ORIENTED_EDGE('',*,*,#1378,.F.);
#653=ORIENTED_EDGE('',*,*,#1373,.T.);
#654=ORIENTED_EDGE('',*,*,#1379,.T.);
#655=ORIENTED_EDGE('',*,*,#1380,.F.);
#656=ORIENTED_EDGE('',*,*,#1381,.F.);
#657=ORIENTED_EDGE('',*,*,#1382,.F.);
#658=ORIENTED_EDGE('',*,*,#1383,.F.);
#659=ORIENTED_EDGE('',*,*,#1375,.T.);
#660=ORIENTED_EDGE('',*,*,#1384,.F.);
#661=ORIENTED_EDGE('',*,*,#1380,.T.);
#662=ORIENTED_EDGE('',*,*,#1385,.T.);
#663=ORIENTED_EDGE('',*,*,#1386,.T.);
#664=ORIENTED_EDGE('',*,*,#1387,.F.);
#665=ORIENTED_EDGE('',*,*,#1388,.T.);
#666=ORIENTED_EDGE('',*,*,#1389,.F.);
#667=ORIENTED_EDGE('',*,*,#1382,.T.);
#668=ORIENTED_EDGE('',*,*,#1390,.F.);
#669=ORIENTED_EDGE('',*,*,#1391,.F.);
#670=ORIENTED_EDGE('',*,*,#1392,.T.);
#671=ORIENTED_EDGE('',*,*,#1393,.F.);
#672=ORIENTED_EDGE('',*,*,#1394,.F.);
#673=ORIENTED_EDGE('',*,*,#1395,.F.);
#674=ORIENTED_EDGE('',*,*,#1396,.F.);
#675=ORIENTED_EDGE('',*,*,#1397,.F.);
#676=ORIENTED_EDGE('',*,*,#1398,.F.);
#677=ORIENTED_EDGE('',*,*,#1393,.T.);
#678=ORIENTED_EDGE('',*,*,#1399,.T.);
#679=ORIENTED_EDGE('',*,*,#1400,.F.);
#680=ORIENTED_EDGE('',*,*,#1401,.F.);
#681=ORIENTED_EDGE('',*,*,#1402,.F.);
#682=ORIENTED_EDGE('',*,*,#1403,.F.);
#683=ORIENTED_EDGE('',*,*,#1395,.T.);
#684=ORIENTED_EDGE('',*,*,#1404,.F.);
#685=ORIENTED_EDGE('',*,*,#1400,.T.);
#686=ORIENTED_EDGE('',*,*,#1405,.T.);
#687=ORIENTED_EDGE('',*,*,#1406,.F.);
#688=ORIENTED_EDGE('',*,*,#1407,.F.);
#689=ORIENTED_EDGE('',*,*,#1408,.F.);
#690=ORIENTED_EDGE('',*,*,#1409,.F.);
#691=ORIENTED_EDGE('',*,*,#1402,.T.);
#692=ORIENTED_EDGE('',*,*,#1410,.F.);
#693=ORIENTED_EDGE('',*,*,#1376,.T.);
#694=ORIENTED_EDGE('',*,*,#1383,.T.);
#695=ORIENTED_EDGE('',*,*,#1389,.T.);
#696=ORIENTED_EDGE('',*,*,#1372,.F.);
#697=ORIENTED_EDGE('',*,*,#1411,.T.);
#698=ORIENTED_EDGE('',*,*,#1385,.F.);
#699=ORIENTED_EDGE('',*,*,#1379,.F.);
#700=ORIENTED_EDGE('',*,*,#1371,.F.);
#701=ORIENTED_EDGE('',*,*,#1412,.F.);
#702=ORIENTED_EDGE('',*,*,#1386,.F.);
#703=ORIENTED_EDGE('',*,*,#1411,.F.);
#704=ORIENTED_EDGE('',*,*,#1388,.F.);
#705=ORIENTED_EDGE('',*,*,#1413,.T.);
#706=ORIENTED_EDGE('',*,*,#1377,.F.);
#707=ORIENTED_EDGE('',*,*,#1410,.T.);
#708=ORIENTED_EDGE('',*,*,#1414,.F.);
#709=ORIENTED_EDGE('',*,*,#1406,.T.);
#710=ORIENTED_EDGE('',*,*,#1415,.T.);
#711=ORIENTED_EDGE('',*,*,#1391,.T.);
#712=ORIENTED_EDGE('',*,*,#1416,.T.);
#713=ORIENTED_EDGE('',*,*,#1397,.T.);
#714=ORIENTED_EDGE('',*,*,#1417,.F.);
#715=ORIENTED_EDGE('',*,*,#1408,.T.);
#716=ORIENTED_EDGE('',*,*,#1348,.T.);
#717=ORIENTED_EDGE('',*,*,#1352,.T.);
#718=ORIENTED_EDGE('',*,*,#1355,.T.);
#719=ORIENTED_EDGE('',*,*,#1369,.T.);
#720=ORIENTED_EDGE('',*,*,#1359,.F.);
#721=ORIENTED_EDGE('',*,*,#1362,.F.);
#722=ORIENTED_EDGE('',*,*,#1365,.F.);
#723=ORIENTED_EDGE('',*,*,#1367,.F.);
#724=ORIENTED_EDGE('',*,*,#1409,.T.);
#725=ORIENTED_EDGE('',*,*,#1417,.T.);
#726=ORIENTED_EDGE('',*,*,#1396,.T.);
#727=ORIENTED_EDGE('',*,*,#1403,.T.);
#728=ORIENTED_EDGE('',*,*,#1415,.F.);
#729=ORIENTED_EDGE('',*,*,#1405,.F.);
#730=ORIENTED_EDGE('',*,*,#1399,.F.);
#731=ORIENTED_EDGE('',*,*,#1392,.F.);
#732=ORIENTED_EDGE('',*,*,#1394,.T.);
#733=ORIENTED_EDGE('',*,*,#1416,.F.);
#734=ORIENTED_EDGE('',*,*,#1407,.T.);
#735=ORIENTED_EDGE('',*,*,#1401,.T.);
#736=ORIENTED_EDGE('',*,*,#1390,.T.);
#737=ORIENTED_EDGE('',*,*,#1398,.T.);
#738=ORIENTED_EDGE('',*,*,#1404,.T.);
#739=ORIENTED_EDGE('',*,*,#1414,.T.);
#740=ORIENTED_EDGE('',*,*,#1370,.T.);
#741=ORIENTED_EDGE('',*,*,#1378,.T.);
#742=ORIENTED_EDGE('',*,*,#1384,.T.);
#743=ORIENTED_EDGE('',*,*,#1412,.T.);
#744=ORIENTED_EDGE('',*,*,#1374,.T.);
#745=ORIENTED_EDGE('',*,*,#1413,.F.);
#746=ORIENTED_EDGE('',*,*,#1387,.T.);
#747=ORIENTED_EDGE('',*,*,#1381,.T.);
#748=ORIENTED_EDGE('',*,*,#1366,.F.);
#749=ORIENTED_EDGE('',*,*,#1363,.F.);
#750=ORIENTED_EDGE('',*,*,#1360,.F.);
#751=ORIENTED_EDGE('',*,*,#1357,.F.);
#752=ORIENTED_EDGE('',*,*,#1346,.T.);
#753=ORIENTED_EDGE('',*,*,#1368,.T.);
#754=ORIENTED_EDGE('',*,*,#1353,.T.);
#755=ORIENTED_EDGE('',*,*,#1350,.T.);
#756=ORIENTED_EDGE('',*,*,#1418,.F.);
#757=ORIENTED_EDGE('',*,*,#1419,.T.);
#758=ORIENTED_EDGE('',*,*,#1420,.T.);
#759=ORIENTED_EDGE('',*,*,#1421,.F.);
#760=ORIENTED_EDGE('',*,*,#1422,.F.);
#761=ORIENTED_EDGE('',*,*,#1421,.T.);
#762=ORIENTED_EDGE('',*,*,#1423,.T.);
#763=ORIENTED_EDGE('',*,*,#1424,.F.);
#764=ORIENTED_EDGE('',*,*,#1425,.F.);
#765=ORIENTED_EDGE('',*,*,#1424,.T.);
#766=ORIENTED_EDGE('',*,*,#1426,.T.);
#767=ORIENTED_EDGE('',*,*,#1427,.F.);
#768=ORIENTED_EDGE('',*,*,#1428,.F.);
#769=ORIENTED_EDGE('',*,*,#1429,.T.);
#770=ORIENTED_EDGE('',*,*,#1430,.T.);
#771=ORIENTED_EDGE('',*,*,#1431,.F.);
#772=ORIENTED_EDGE('',*,*,#1432,.F.);
#773=ORIENTED_EDGE('',*,*,#1433,.T.);
#774=ORIENTED_EDGE('',*,*,#1428,.T.);
#775=ORIENTED_EDGE('',*,*,#1434,.F.);
#776=ORIENTED_EDGE('',*,*,#1435,.F.);
#777=ORIENTED_EDGE('',*,*,#1436,.T.);
#778=ORIENTED_EDGE('',*,*,#1432,.T.);
#779=ORIENTED_EDGE('',*,*,#1437,.F.);
#780=ORIENTED_EDGE('',*,*,#1430,.F.);
#781=ORIENTED_EDGE('',*,*,#1438,.T.);
#782=ORIENTED_EDGE('',*,*,#1435,.T.);
#783=ORIENTED_EDGE('',*,*,#1439,.F.);
#784=ORIENTED_EDGE('',*,*,#1440,.F.);
#785=ORIENTED_EDGE('',*,*,#1427,.T.);
#786=ORIENTED_EDGE('',*,*,#1441,.T.);
#787=ORIENTED_EDGE('',*,*,#1419,.F.);
#788=ORIENTED_EDGE('',*,*,#1442,.F.);
#789=ORIENTED_EDGE('',*,*,#1443,.T.);
#790=ORIENTED_EDGE('',*,*,#1444,.T.);
#791=ORIENTED_EDGE('',*,*,#1445,.F.);
#792=ORIENTED_EDGE('',*,*,#1446,.T.);
#793=ORIENTED_EDGE('',*,*,#1447,.T.);
#794=ORIENTED_EDGE('',*,*,#1448,.F.);
#795=ORIENTED_EDGE('',*,*,#1449,.T.);
#796=ORIENTED_EDGE('',*,*,#1450,.F.);
#797=ORIENTED_EDGE('',*,*,#1442,.T.);
#798=ORIENTED_EDGE('',*,*,#1451,.T.);
#799=ORIENTED_EDGE('',*,*,#1452,.F.);
#800=ORIENTED_EDGE('',*,*,#1453,.F.);
#801=ORIENTED_EDGE('',*,*,#1454,.F.);
#802=ORIENTED_EDGE('',*,*,#1455,.F.);
#803=ORIENTED_EDGE('',*,*,#1448,.T.);
#804=ORIENTED_EDGE('',*,*,#1456,.F.);
#805=ORIENTED_EDGE('',*,*,#1452,.T.);
#806=ORIENTED_EDGE('',*,*,#1457,.T.);
#807=ORIENTED_EDGE('',*,*,#1458,.F.);
#808=ORIENTED_EDGE('',*,*,#1459,.F.);
#809=ORIENTED_EDGE('',*,*,#1460,.F.);
#810=ORIENTED_EDGE('',*,*,#1461,.F.);
#811=ORIENTED_EDGE('',*,*,#1454,.T.);
#812=ORIENTED_EDGE('',*,*,#1462,.F.);
#813=ORIENTED_EDGE('',*,*,#1458,.T.);
#814=ORIENTED_EDGE('',*,*,#1463,.T.);
#815=ORIENTED_EDGE('',*,*,#1464,.F.);
#816=ORIENTED_EDGE('',*,*,#1465,.F.);
#817=ORIENTED_EDGE('',*,*,#1466,.F.);
#818=ORIENTED_EDGE('',*,*,#1467,.F.);
#819=ORIENTED_EDGE('',*,*,#1460,.T.);
#820=ORIENTED_EDGE('',*,*,#1468,.F.);
#821=ORIENTED_EDGE('',*,*,#1464,.T.);
#822=ORIENTED_EDGE('',*,*,#1469,.T.);
#823=ORIENTED_EDGE('',*,*,#1470,.F.);
#824=ORIENTED_EDGE('',*,*,#1471,.F.);
#825=ORIENTED_EDGE('',*,*,#1472,.F.);
#826=ORIENTED_EDGE('',*,*,#1473,.F.);
#827=ORIENTED_EDGE('',*,*,#1466,.T.);
#828=ORIENTED_EDGE('',*,*,#1474,.F.);
#829=ORIENTED_EDGE('',*,*,#1470,.T.);
#830=ORIENTED_EDGE('',*,*,#1475,.T.);
#831=ORIENTED_EDGE('',*,*,#1476,.F.);
#832=ORIENTED_EDGE('',*,*,#1477,.F.);
#833=ORIENTED_EDGE('',*,*,#1478,.F.);
#834=ORIENTED_EDGE('',*,*,#1479,.F.);
#835=ORIENTED_EDGE('',*,*,#1472,.T.);
#836=ORIENTED_EDGE('',*,*,#1480,.F.);
#837=ORIENTED_EDGE('',*,*,#1481,.T.);
#838=ORIENTED_EDGE('',*,*,#1476,.T.);
#839=ORIENTED_EDGE('',*,*,#1482,.F.);
#840=ORIENTED_EDGE('',*,*,#1478,.T.);
#841=ORIENTED_EDGE('',*,*,#1483,.T.);
#842=ORIENTED_EDGE('',*,*,#1484,.F.);
#843=ORIENTED_EDGE('',*,*,#1485,.T.);
#844=ORIENTED_EDGE('',*,*,#1486,.F.);
#845=ORIENTED_EDGE('',*,*,#1480,.T.);
#846=ORIENTED_EDGE('',*,*,#1487,.T.);
#847=ORIENTED_EDGE('',*,*,#1488,.F.);
#848=ORIENTED_EDGE('',*,*,#1489,.F.);
#849=ORIENTED_EDGE('',*,*,#1490,.F.);
#850=ORIENTED_EDGE('',*,*,#1491,.F.);
#851=ORIENTED_EDGE('',*,*,#1484,.T.);
#852=ORIENTED_EDGE('',*,*,#1492,.F.);
#853=ORIENTED_EDGE('',*,*,#1488,.T.);
#854=ORIENTED_EDGE('',*,*,#1493,.T.);
#855=ORIENTED_EDGE('',*,*,#1494,.F.);
#856=ORIENTED_EDGE('',*,*,#1495,.F.);
#857=ORIENTED_EDGE('',*,*,#1496,.F.);
#858=ORIENTED_EDGE('',*,*,#1497,.F.);
#859=ORIENTED_EDGE('',*,*,#1490,.T.);
#860=ORIENTED_EDGE('',*,*,#1498,.F.);
#861=ORIENTED_EDGE('',*,*,#1499,.F.);
#862=ORIENTED_EDGE('',*,*,#1500,.T.);
#863=ORIENTED_EDGE('',*,*,#1444,.F.);
#864=ORIENTED_EDGE('',*,*,#1501,.F.);
#865=ORIENTED_EDGE('',*,*,#1446,.F.);
#866=ORIENTED_EDGE('',*,*,#1502,.F.);
#867=ORIENTED_EDGE('',*,*,#1503,.F.);
#868=ORIENTED_EDGE('',*,*,#1504,.F.);
#869=ORIENTED_EDGE('',*,*,#1494,.T.);
#870=ORIENTED_EDGE('',*,*,#1505,.T.);
#871=ORIENTED_EDGE('',*,*,#1506,.F.);
#872=ORIENTED_EDGE('',*,*,#1507,.F.);
#873=ORIENTED_EDGE('',*,*,#1508,.F.);
#874=ORIENTED_EDGE('',*,*,#1509,.F.);
#875=ORIENTED_EDGE('',*,*,#1496,.T.);
#876=ORIENTED_EDGE('',*,*,#1510,.F.);
#877=ORIENTED_EDGE('',*,*,#1511,.T.);
#878=ORIENTED_EDGE('',*,*,#1512,.T.);
#879=ORIENTED_EDGE('',*,*,#1513,.F.);
#880=ORIENTED_EDGE('',*,*,#1514,.T.);
#881=ORIENTED_EDGE('',*,*,#1515,.T.);
#882=ORIENTED_EDGE('',*,*,#1516,.F.);
#883=ORIENTED_EDGE('',*,*,#1517,.T.);
#884=ORIENTED_EDGE('',*,*,#1518,.F.);
#885=ORIENTED_EDGE('',*,*,#1510,.T.);
#886=ORIENTED_EDGE('',*,*,#1519,.T.);
#887=ORIENTED_EDGE('',*,*,#1520,.F.);
#888=ORIENTED_EDGE('',*,*,#1521,.F.);
#889=ORIENTED_EDGE('',*,*,#1522,.F.);
#890=ORIENTED_EDGE('',*,*,#1523,.F.);
#891=ORIENTED_EDGE('',*,*,#1516,.T.);
#892=ORIENTED_EDGE('',*,*,#1524,.F.);
#893=ORIENTED_EDGE('',*,*,#1520,.T.);
#894=ORIENTED_EDGE('',*,*,#1525,.T.);
#895=ORIENTED_EDGE('',*,*,#1526,.F.);
#896=ORIENTED_EDGE('',*,*,#1527,.F.);
#897=ORIENTED_EDGE('',*,*,#1528,.F.);
#898=ORIENTED_EDGE('',*,*,#1529,.F.);
#899=ORIENTED_EDGE('',*,*,#1522,.T.);
#900=ORIENTED_EDGE('',*,*,#1530,.F.);
#901=ORIENTED_EDGE('',*,*,#1526,.T.);
#902=ORIENTED_EDGE('',*,*,#1531,.T.);
#903=ORIENTED_EDGE('',*,*,#1532,.F.);
#904=ORIENTED_EDGE('',*,*,#1533,.F.);
#905=ORIENTED_EDGE('',*,*,#1534,.F.);
#906=ORIENTED_EDGE('',*,*,#1535,.F.);
#907=ORIENTED_EDGE('',*,*,#1528,.T.);
#908=ORIENTED_EDGE('',*,*,#1536,.F.);
#909=ORIENTED_EDGE('',*,*,#1532,.T.);
#910=ORIENTED_EDGE('',*,*,#1537,.T.);
#911=ORIENTED_EDGE('',*,*,#1538,.F.);
#912=ORIENTED_EDGE('',*,*,#1539,.F.);
#913=ORIENTED_EDGE('',*,*,#1540,.F.);
#914=ORIENTED_EDGE('',*,*,#1541,.F.);
#915=ORIENTED_EDGE('',*,*,#1534,.T.);
#916=ORIENTED_EDGE('',*,*,#1542,.F.);
#917=ORIENTED_EDGE('',*,*,#1538,.T.);
#918=ORIENTED_EDGE('',*,*,#1543,.T.);
#919=ORIENTED_EDGE('',*,*,#1544,.F.);
#920=ORIENTED_EDGE('',*,*,#1545,.F.);
#921=ORIENTED_EDGE('',*,*,#1546,.F.);
#922=ORIENTED_EDGE('',*,*,#1547,.F.);
#923=ORIENTED_EDGE('',*,*,#1540,.T.);
#924=ORIENTED_EDGE('',*,*,#1548,.F.);
#925=ORIENTED_EDGE('',*,*,#1549,.T.);
#926=ORIENTED_EDGE('',*,*,#1544,.T.);
#927=ORIENTED_EDGE('',*,*,#1550,.F.);
#928=ORIENTED_EDGE('',*,*,#1546,.T.);
#929=ORIENTED_EDGE('',*,*,#1551,.T.);
#930=ORIENTED_EDGE('',*,*,#1552,.F.);
#931=ORIENTED_EDGE('',*,*,#1553,.T.);
#932=ORIENTED_EDGE('',*,*,#1554,.F.);
#933=ORIENTED_EDGE('',*,*,#1548,.T.);
#934=ORIENTED_EDGE('',*,*,#1555,.T.);
#935=ORIENTED_EDGE('',*,*,#1556,.F.);
#936=ORIENTED_EDGE('',*,*,#1557,.F.);
#937=ORIENTED_EDGE('',*,*,#1558,.F.);
#938=ORIENTED_EDGE('',*,*,#1559,.F.);
#939=ORIENTED_EDGE('',*,*,#1552,.T.);
#940=ORIENTED_EDGE('',*,*,#1560,.F.);
#941=ORIENTED_EDGE('',*,*,#1556,.T.);
#942=ORIENTED_EDGE('',*,*,#1561,.T.);
#943=ORIENTED_EDGE('',*,*,#1562,.F.);
#944=ORIENTED_EDGE('',*,*,#1563,.F.);
#945=ORIENTED_EDGE('',*,*,#1564,.F.);
#946=ORIENTED_EDGE('',*,*,#1565,.F.);
#947=ORIENTED_EDGE('',*,*,#1558,.T.);
#948=ORIENTED_EDGE('',*,*,#1566,.F.);
#949=ORIENTED_EDGE('',*,*,#1567,.T.);
#950=ORIENTED_EDGE('',*,*,#1568,.T.);
#951=ORIENTED_EDGE('',*,*,#1512,.F.);
#952=ORIENTED_EDGE('',*,*,#1569,.F.);
#953=ORIENTED_EDGE('',*,*,#1514,.F.);
#954=ORIENTED_EDGE('',*,*,#1570,.F.);
#955=ORIENTED_EDGE('',*,*,#1571,.T.);
#956=ORIENTED_EDGE('',*,*,#1572,.F.);
#957=ORIENTED_EDGE('',*,*,#1562,.T.);
#958=ORIENTED_EDGE('',*,*,#1573,.T.);
#959=ORIENTED_EDGE('',*,*,#1574,.T.);
#960=ORIENTED_EDGE('',*,*,#1575,.F.);
#961=ORIENTED_EDGE('',*,*,#1576,.T.);
#962=ORIENTED_EDGE('',*,*,#1577,.F.);
#963=ORIENTED_EDGE('',*,*,#1564,.T.);
#964=ORIENTED_EDGE('',*,*,#1499,.T.);
#965=ORIENTED_EDGE('',*,*,#1578,.T.);
#966=ORIENTED_EDGE('',*,*,#1506,.T.);
#967=ORIENTED_EDGE('',*,*,#1579,.T.);
#968=ORIENTED_EDGE('',*,*,#1567,.F.);
#969=ORIENTED_EDGE('',*,*,#1580,.T.);
#970=ORIENTED_EDGE('',*,*,#1574,.F.);
#971=ORIENTED_EDGE('',*,*,#1581,.F.);
#972=ORIENTED_EDGE('',*,*,#1576,.F.);
#973=ORIENTED_EDGE('',*,*,#1582,.F.);
#974=ORIENTED_EDGE('',*,*,#1571,.F.);
#975=ORIENTED_EDGE('',*,*,#1583,.T.);
#976=ORIENTED_EDGE('',*,*,#1508,.T.);
#977=ORIENTED_EDGE('',*,*,#1584,.F.);
#978=ORIENTED_EDGE('',*,*,#1503,.T.);
#979=ORIENTED_EDGE('',*,*,#1585,.F.);
#980=ORIENTED_EDGE('',*,*,#1423,.F.);
#981=ORIENTED_EDGE('',*,*,#1420,.F.);
#982=ORIENTED_EDGE('',*,*,#1441,.F.);
#983=ORIENTED_EDGE('',*,*,#1426,.F.);
#984=ORIENTED_EDGE('',*,*,#1431,.T.);
#985=ORIENTED_EDGE('',*,*,#1439,.T.);
#986=ORIENTED_EDGE('',*,*,#1437,.T.);
#987=ORIENTED_EDGE('',*,*,#1434,.T.);
#988=ORIENTED_EDGE('',*,*,#1509,.T.);
#989=ORIENTED_EDGE('',*,*,#1585,.T.);
#990=ORIENTED_EDGE('',*,*,#1502,.T.);
#991=ORIENTED_EDGE('',*,*,#1449,.F.);
#992=ORIENTED_EDGE('',*,*,#1455,.T.);
#993=ORIENTED_EDGE('',*,*,#1461,.T.);
#994=ORIENTED_EDGE('',*,*,#1467,.T.);
#995=ORIENTED_EDGE('',*,*,#1473,.T.);
#996=ORIENTED_EDGE('',*,*,#1479,.T.);
#997=ORIENTED_EDGE('',*,*,#1485,.F.);
#998=ORIENTED_EDGE('',*,*,#1491,.T.);
#999=ORIENTED_EDGE('',*,*,#1497,.T.);
#1000=ORIENTED_EDGE('',*,*,#1579,.F.);
#1001=ORIENTED_EDGE('',*,*,#1505,.F.);
#1002=ORIENTED_EDGE('',*,*,#1493,.F.);
#1003=ORIENTED_EDGE('',*,*,#1487,.F.);
#1004=ORIENTED_EDGE('',*,*,#1482,.T.);
#1005=ORIENTED_EDGE('',*,*,#1475,.F.);
#1006=ORIENTED_EDGE('',*,*,#1469,.F.);
#1007=ORIENTED_EDGE('',*,*,#1463,.F.);
#1008=ORIENTED_EDGE('',*,*,#1457,.F.);
#1009=ORIENTED_EDGE('',*,*,#1451,.F.);
#1010=ORIENTED_EDGE('',*,*,#1445,.T.);
#1011=ORIENTED_EDGE('',*,*,#1500,.F.);
#1012=ORIENTED_EDGE('',*,*,#1568,.F.);
#1013=ORIENTED_EDGE('',*,*,#1581,.T.);
#1014=ORIENTED_EDGE('',*,*,#1573,.F.);
#1015=ORIENTED_EDGE('',*,*,#1561,.F.);
#1016=ORIENTED_EDGE('',*,*,#1555,.F.);
#1017=ORIENTED_EDGE('',*,*,#1550,.T.);
#1018=ORIENTED_EDGE('',*,*,#1543,.F.);
#1019=ORIENTED_EDGE('',*,*,#1537,.F.);
#1020=ORIENTED_EDGE('',*,*,#1531,.F.);
#1021=ORIENTED_EDGE('',*,*,#1525,.F.);
#1022=ORIENTED_EDGE('',*,*,#1519,.F.);
#1023=ORIENTED_EDGE('',*,*,#1513,.T.);
#1024=ORIENTED_EDGE('',*,*,#1583,.F.);
#1025=ORIENTED_EDGE('',*,*,#1570,.T.);
#1026=ORIENTED_EDGE('',*,*,#1517,.F.);
#1027=ORIENTED_EDGE('',*,*,#1523,.T.);
#1028=ORIENTED_EDGE('',*,*,#1529,.T.);
#1029=ORIENTED_EDGE('',*,*,#1535,.T.);
#1030=ORIENTED_EDGE('',*,*,#1541,.T.);
#1031=ORIENTED_EDGE('',*,*,#1547,.T.);
#1032=ORIENTED_EDGE('',*,*,#1553,.F.);
#1033=ORIENTED_EDGE('',*,*,#1559,.T.);
#1034=ORIENTED_EDGE('',*,*,#1565,.T.);
#1035=ORIENTED_EDGE('',*,*,#1577,.T.);
#1036=ORIENTED_EDGE('',*,*,#1569,.T.);
#1037=ORIENTED_EDGE('',*,*,#1582,.T.);
#1038=ORIENTED_EDGE('',*,*,#1575,.T.);
#1039=ORIENTED_EDGE('',*,*,#1563,.T.);
#1040=ORIENTED_EDGE('',*,*,#1557,.T.);
#1041=ORIENTED_EDGE('',*,*,#1551,.F.);
#1042=ORIENTED_EDGE('',*,*,#1545,.T.);
#1043=ORIENTED_EDGE('',*,*,#1539,.T.);
#1044=ORIENTED_EDGE('',*,*,#1533,.T.);
#1045=ORIENTED_EDGE('',*,*,#1527,.T.);
#1046=ORIENTED_EDGE('',*,*,#1521,.T.);
#1047=ORIENTED_EDGE('',*,*,#1515,.F.);
#1048=ORIENTED_EDGE('',*,*,#1566,.T.);
#1049=ORIENTED_EDGE('',*,*,#1511,.F.);
#1050=ORIENTED_EDGE('',*,*,#1518,.T.);
#1051=ORIENTED_EDGE('',*,*,#1524,.T.);
#1052=ORIENTED_EDGE('',*,*,#1530,.T.);
#1053=ORIENTED_EDGE('',*,*,#1536,.T.);
#1054=ORIENTED_EDGE('',*,*,#1542,.T.);
#1055=ORIENTED_EDGE('',*,*,#1549,.F.);
#1056=ORIENTED_EDGE('',*,*,#1554,.T.);
#1057=ORIENTED_EDGE('',*,*,#1560,.T.);
#1058=ORIENTED_EDGE('',*,*,#1572,.T.);
#1059=ORIENTED_EDGE('',*,*,#1580,.F.);
#1060=ORIENTED_EDGE('',*,*,#1498,.T.);
#1061=ORIENTED_EDGE('',*,*,#1443,.F.);
#1062=ORIENTED_EDGE('',*,*,#1450,.T.);
#1063=ORIENTED_EDGE('',*,*,#1456,.T.);
#1064=ORIENTED_EDGE('',*,*,#1462,.T.);
#1065=ORIENTED_EDGE('',*,*,#1468,.T.);
#1066=ORIENTED_EDGE('',*,*,#1474,.T.);
#1067=ORIENTED_EDGE('',*,*,#1481,.F.);
#1068=ORIENTED_EDGE('',*,*,#1486,.T.);
#1069=ORIENTED_EDGE('',*,*,#1492,.T.);
#1070=ORIENTED_EDGE('',*,*,#1504,.T.);
#1071=ORIENTED_EDGE('',*,*,#1578,.F.);
#1072=ORIENTED_EDGE('',*,*,#1501,.T.);
#1073=ORIENTED_EDGE('',*,*,#1584,.T.);
#1074=ORIENTED_EDGE('',*,*,#1507,.T.);
#1075=ORIENTED_EDGE('',*,*,#1495,.T.);
#1076=ORIENTED_EDGE('',*,*,#1489,.T.);
#1077=ORIENTED_EDGE('',*,*,#1483,.F.);
#1078=ORIENTED_EDGE('',*,*,#1477,.T.);
#1079=ORIENTED_EDGE('',*,*,#1471,.T.);
#1080=ORIENTED_EDGE('',*,*,#1465,.T.);
#1081=ORIENTED_EDGE('',*,*,#1459,.T.);
#1082=ORIENTED_EDGE('',*,*,#1453,.T.);
#1083=ORIENTED_EDGE('',*,*,#1447,.F.);
#1084=ORIENTED_EDGE('',*,*,#1433,.F.);
#1085=ORIENTED_EDGE('',*,*,#1436,.F.);
#1086=ORIENTED_EDGE('',*,*,#1438,.F.);
#1087=ORIENTED_EDGE('',*,*,#1429,.F.);
#1088=ORIENTED_EDGE('',*,*,#1418,.T.);
#1089=ORIENTED_EDGE('',*,*,#1422,.T.);
#1090=ORIENTED_EDGE('',*,*,#1425,.T.);
#1091=ORIENTED_EDGE('',*,*,#1440,.T.);
#1092=EDGE_CURVE('',#1586,#1587,#1912,.T.);
#1093=EDGE_CURVE('',#1588,#1586,#1913,.T.);
#1094=EDGE_CURVE('',#1589,#1588,#1914,.T.);
#1095=EDGE_CURVE('',#1590,#1589,#1915,.T.);
#1096=EDGE_CURVE('',#1590,#1591,#1916,.T.);
#1097=EDGE_CURVE('',#1592,#1591,#1917,.T.);
#1098=EDGE_CURVE('',#1593,#1592,#1918,.T.);
#1099=EDGE_CURVE('',#1594,#1593,#1919,.T.);
#1100=EDGE_CURVE('',#1595,#1594,#1920,.T.);
#1101=EDGE_CURVE('',#1596,#1595,#1921,.T.);
#1102=EDGE_CURVE('',#1597,#1596,#1922,.T.);
#1103=EDGE_CURVE('',#1587,#1597,#1923,.T.);
#1104=EDGE_CURVE('',#1598,#1599,#1924,.T.);
#1105=EDGE_CURVE('',#1600,#1598,#1925,.T.);
#1106=EDGE_CURVE('',#1601,#1600,#1926,.T.);
#1107=EDGE_CURVE('',#1602,#1601,#1927,.T.);
#1108=EDGE_CURVE('',#1603,#1602,#1928,.T.);
#1109=EDGE_CURVE('',#1603,#1604,#1929,.T.);
#1110=EDGE_CURVE('',#1604,#1605,#1930,.T.);
#1111=EDGE_CURVE('',#1606,#1605,#1931,.T.);
#1112=EDGE_CURVE('',#1607,#1606,#1932,.T.);
#1113=EDGE_CURVE('',#1608,#1607,#1933,.T.);
#1114=EDGE_CURVE('',#1609,#1608,#1934,.T.);
#1115=EDGE_CURVE('',#1599,#1609,#1935,.T.);
#1116=EDGE_CURVE('',#1586,#1610,#1936,.T.);
#1117=EDGE_CURVE('',#1611,#1610,#1937,.T.);
#1118=EDGE_CURVE('',#1588,#1611,#1938,.T.);
#1119=EDGE_CURVE('',#1612,#1613,#1939,.T.);
#1120=EDGE_CURVE('',#1612,#1596,#1940,.T.);
#1121=EDGE_CURVE('',#1595,#1613,#1941,.T.);
#1122=EDGE_CURVE('',#1598,#1614,#1942,.T.);
#1123=EDGE_CURVE('',#1615,#1614,#1943,.T.);
#1124=EDGE_CURVE('',#1600,#1615,#1944,.T.);
#1125=EDGE_CURVE('',#1616,#1617,#1945,.T.);
#1126=EDGE_CURVE('',#1616,#1608,#1946,.T.);
#1127=EDGE_CURVE('',#1607,#1617,#1947,.T.);
#1128=EDGE_CURVE('',#1618,#1619,#58,.F.);
#1129=EDGE_CURVE('',#1619,#1612,#1948,.T.);
#1130=EDGE_CURVE('',#1615,#1613,#1949,.T.);
#1131=EDGE_CURVE('',#1614,#1618,#1950,.T.);
#1132=EDGE_CURVE('',#1620,#1621,#1951,.T.);
#1133=EDGE_CURVE('',#1621,#1622,#1952,.T.);
#1134=EDGE_CURVE('',#1622,#1623,#1953,.T.);
#1135=EDGE_CURVE('',#1623,#1624,#1954,.T.);
#1136=EDGE_CURVE('',#1624,#1625,#1955,.T.);
#1137=EDGE_CURVE('',#1625,#1626,#1956,.T.);
#1138=EDGE_CURVE('',#1626,#1627,#1957,.T.);
#1139=EDGE_CURVE('',#1627,#1620,#1958,.T.);
#1140=EDGE_CURVE('',#1611,#1628,#1959,.T.);
#1141=EDGE_CURVE('',#1611,#1617,#1960,.T.);
#1142=EDGE_CURVE('',#1617,#1629,#1961,.T.);
#1143=EDGE_CURVE('',#1630,#1629,#1962,.T.);
#1144=EDGE_CURVE('',#1631,#1630,#1963,.T.);
#1145=EDGE_CURVE('',#1632,#1631,#1964,.T.);
#1146=EDGE_CURVE('',#1632,#1633,#1965,.T.);
#1147=EDGE_CURVE('',#1634,#1633,#1966,.T.);
#1148=EDGE_CURVE('',#1635,#1634,#1967,.T.);
#1149=EDGE_CURVE('',#1636,#1635,#1968,.T.);
#1150=EDGE_CURVE('',#1637,#1636,#1969,.T.);
#1151=EDGE_CURVE('',#1628,#1637,#1970,.T.);
#1152=EDGE_CURVE('',#1638,#1639,#1971,.T.);
#1153=EDGE_CURVE('',#1638,#1640,#1972,.T.);
#1154=EDGE_CURVE('',#1640,#1641,#1973,.T.);
#1155=EDGE_CURVE('',#1641,#1642,#1974,.T.);
#1156=EDGE_CURVE('',#1643,#1642,#1975,.T.);
#1157=EDGE_CURVE('',#1643,#1644,#1976,.T.);
#1158=EDGE_CURVE('',#1644,#1645,#1977,.T.);
#1159=EDGE_CURVE('',#1645,#1639,#1978,.T.);
#1160=EDGE_CURVE('',#1615,#1646,#1979,.T.);
#1161=EDGE_CURVE('',#1613,#1647,#1980,.T.);
#1162=EDGE_CURVE('',#1647,#1648,#1981,.T.);
#1163=EDGE_CURVE('',#1648,#1649,#1982,.T.);
#1164=EDGE_CURVE('',#1649,#1650,#1983,.T.);
#1165=EDGE_CURVE('',#1650,#1651,#1984,.T.);
#1166=EDGE_CURVE('',#1652,#1651,#1985,.T.);
#1167=EDGE_CURVE('',#1653,#1652,#1986,.T.);
#1168=EDGE_CURVE('',#1653,#1654,#1987,.T.);
#1169=EDGE_CURVE('',#1654,#1655,#1988,.T.);
#1170=EDGE_CURVE('',#1655,#1646,#1989,.T.);
#1171=EDGE_CURVE('',#1656,#1657,#59,.T.);
#1172=EDGE_CURVE('',#1658,#1656,#1990,.T.);
#1173=EDGE_CURVE('',#1659,#1658,#1991,.T.);
#1174=EDGE_CURVE('',#1660,#1659,#1992,.T.);
#1175=EDGE_CURVE('',#1660,#1661,#1993,.T.);
#1176=EDGE_CURVE('',#1661,#1662,#1994,.T.);
#1177=EDGE_CURVE('',#1663,#1662,#1995,.T.);
#1178=EDGE_CURVE('',#1657,#1663,#1996,.T.);
#1179=EDGE_CURVE('',#1664,#1665,#60,.T.);
#1180=EDGE_CURVE('',#1666,#1664,#1997,.T.);
#1181=EDGE_CURVE('',#1667,#1666,#1998,.T.);
#1182=EDGE_CURVE('',#1667,#1668,#1999,.T.);
#1183=EDGE_CURVE('',#1669,#1668,#2000,.T.);
#1184=EDGE_CURVE('',#1670,#1669,#2001,.T.);
#1185=EDGE_CURVE('',#1671,#1670,#2002,.T.);
#1186=EDGE_CURVE('',#1665,#1671,#2003,.T.);
#1187=EDGE_CURVE('',#1634,#1672,#2004,.T.);
#1188=EDGE_CURVE('',#1672,#1673,#2005,.T.);
#1189=EDGE_CURVE('',#1673,#1674,#2006,.T.);
#1190=EDGE_CURVE('',#1634,#1674,#2007,.T.);
#1191=EDGE_CURVE('',#1675,#1676,#2008,.T.);
#1192=EDGE_CURVE('',#1676,#1677,#2009,.T.);
#1193=EDGE_CURVE('',#1677,#1651,#2010,.T.);
#1194=EDGE_CURVE('',#1675,#1651,#2011,.T.);
#1195=EDGE_CURVE('',#1652,#1678,#2012,.T.);
#1196=EDGE_CURVE('',#1678,#1679,#2013,.T.);
#1197=EDGE_CURVE('',#1679,#1680,#2014,.T.);
#1198=EDGE_CURVE('',#1652,#1680,#2015,.T.);
#1199=EDGE_CURVE('',#1681,#1682,#2016,.T.);
#1200=EDGE_CURVE('',#1682,#1683,#2017,.T.);
#1201=EDGE_CURVE('',#1683,#1633,#2018,.T.);
#1202=EDGE_CURVE('',#1681,#1633,#2019,.T.);
#1203=EDGE_CURVE('',#1684,#1677,#2020,.T.);
#1204=EDGE_CURVE('',#1685,#1684,#61,.F.);
#1205=EDGE_CURVE('',#1678,#1685,#2021,.T.);
#1206=EDGE_CURVE('',#1628,#1686,#2022,.T.);
#1207=EDGE_CURVE('',#1589,#1686,#2023,.T.);
#1208=EDGE_CURVE('',#1687,#1663,#2024,.T.);
#1209=EDGE_CURVE('',#1687,#1635,#2025,.T.);
#1210=EDGE_CURVE('',#1674,#1657,#2026,.T.);
#1211=EDGE_CURVE('',#1606,#1688,#2027,.T.);
#1212=EDGE_CURVE('',#1688,#1629,#2028,.T.);
#1213=EDGE_CURVE('',#1632,#1689,#2029,.T.);
#1214=EDGE_CURVE('',#1689,#1666,#2030,.T.);
#1215=EDGE_CURVE('',#1664,#1681,#2031,.T.);
#1216=EDGE_CURVE('',#1594,#1690,#2032,.T.);
#1217=EDGE_CURVE('',#1690,#1647,#2033,.T.);
#1218=EDGE_CURVE('',#1650,#1691,#2034,.T.);
#1219=EDGE_CURVE('',#1691,#1658,#2035,.T.);
#1220=EDGE_CURVE('',#1656,#1675,#2036,.T.);
#1221=EDGE_CURVE('',#1646,#1692,#2037,.T.);
#1222=EDGE_CURVE('',#1601,#1692,#2038,.T.);
#1223=EDGE_CURVE('',#1693,#1671,#2039,.T.);
#1224=EDGE_CURVE('',#1693,#1653,#2040,.T.);
#1225=EDGE_CURVE('',#1680,#1665,#2041,.T.);
#1226=EDGE_CURVE('',#1638,#1621,#2042,.T.);
#1227=EDGE_CURVE('',#1639,#1622,#2043,.T.);
#1228=EDGE_CURVE('',#1645,#1623,#2044,.T.);
#1229=EDGE_CURVE('',#1643,#1625,#2045,.T.);
#1230=EDGE_CURVE('',#1644,#1624,#2046,.T.);
#1231=EDGE_CURVE('',#1642,#1626,#2047,.T.);
#1232=EDGE_CURVE('',#1641,#1627,#2048,.T.);
#1233=EDGE_CURVE('',#1640,#1620,#2049,.T.);
#1234=EDGE_CURVE('',#1694,#1695,#2050,.T.);
#1235=EDGE_CURVE('',#1696,#1694,#2051,.T.);
#1236=EDGE_CURVE('',#1697,#1696,#2052,.T.);
#1237=EDGE_CURVE('',#1695,#1697,#2053,.T.);
#1238=EDGE_CURVE('',#1698,#1699,#2054,.T.);
#1239=EDGE_CURVE('',#1700,#1698,#2055,.T.);
#1240=EDGE_CURVE('',#1701,#1700,#2056,.T.);
#1241=EDGE_CURVE('',#1699,#1701,#2057,.T.);
#1242=EDGE_CURVE('',#1659,#1593,#2058,.T.);
#1243=EDGE_CURVE('',#1592,#1660,#2059,.T.);
#1244=EDGE_CURVE('',#1702,#1703,#2060,.T.);
#1245=EDGE_CURVE('',#1704,#1702,#2061,.T.);
#1246=EDGE_CURVE('',#1705,#1704,#2062,.T.);
#1247=EDGE_CURVE('',#1703,#1705,#2063,.T.);
#1248=EDGE_CURVE('',#1706,#1707,#2064,.T.);
#1249=EDGE_CURVE('',#1708,#1706,#2065,.T.);
#1250=EDGE_CURVE('',#1709,#1708,#2066,.T.);
#1251=EDGE_CURVE('',#1707,#1709,#2067,.T.);
#1252=EDGE_CURVE('',#1602,#1670,#2068,.T.);
#1253=EDGE_CURVE('',#1669,#1603,#2069,.T.);
#1254=EDGE_CURVE('',#1710,#1711,#2070,.T.);
#1255=EDGE_CURVE('',#1711,#1712,#2071,.T.);
#1256=EDGE_CURVE('',#1712,#1713,#2072,.T.);
#1257=EDGE_CURVE('',#1713,#1710,#2073,.T.);
#1258=EDGE_CURVE('',#1714,#1715,#2074,.T.);
#1259=EDGE_CURVE('',#1715,#1716,#2075,.T.);
#1260=EDGE_CURVE('',#1716,#1717,#2076,.T.);
#1261=EDGE_CURVE('',#1717,#1714,#2077,.T.);
#1262=EDGE_CURVE('',#1662,#1590,#2078,.T.);
#1263=EDGE_CURVE('',#1591,#1661,#2079,.T.);
#1264=EDGE_CURVE('',#1718,#1719,#2080,.T.);
#1265=EDGE_CURVE('',#1719,#1720,#2081,.T.);
#1266=EDGE_CURVE('',#1720,#1721,#2082,.T.);
#1267=EDGE_CURVE('',#1721,#1718,#2083,.T.);
#1268=EDGE_CURVE('',#1722,#1723,#2084,.T.);
#1269=EDGE_CURVE('',#1723,#1724,#2085,.T.);
#1270=EDGE_CURVE('',#1724,#1725,#2086,.T.);
#1271=EDGE_CURVE('',#1725,#1722,#2087,.T.);
#1272=EDGE_CURVE('',#1605,#1667,#2088,.T.);
#1273=EDGE_CURVE('',#1668,#1604,#2089,.T.);
#1274=EDGE_CURVE('',#1702,#1718,#2090,.T.);
#1275=EDGE_CURVE('',#1703,#1719,#2091,.T.);
#1276=EDGE_CURVE('',#1704,#1721,#2092,.T.);
#1277=EDGE_CURVE('',#1705,#1720,#2093,.T.);
#1278=EDGE_CURVE('',#1706,#1722,#2094,.T.);
#1279=EDGE_CURVE('',#1707,#1723,#2095,.T.);
#1280=EDGE_CURVE('',#1708,#1725,#2096,.T.);
#1281=EDGE_CURVE('',#1709,#1724,#2097,.T.);
#1282=EDGE_CURVE('',#1698,#1710,#2098,.T.);
#1283=EDGE_CURVE('',#1699,#1711,#2099,.T.);
#1284=EDGE_CURVE('',#1700,#1713,#2100,.T.);
#1285=EDGE_CURVE('',#1701,#1712,#2101,.T.);
#1286=EDGE_CURVE('',#1694,#1714,#2102,.T.);
#1287=EDGE_CURVE('',#1695,#1715,#2103,.T.);
#1288=EDGE_CURVE('',#1696,#1717,#2104,.T.);
#1289=EDGE_CURVE('',#1697,#1716,#2105,.T.);
#1290=EDGE_CURVE('',#1637,#1686,#2106,.T.);
#1291=EDGE_CURVE('',#1636,#1687,#2107,.T.);
#1292=EDGE_CURVE('',#1631,#1689,#2108,.T.);
#1293=EDGE_CURVE('',#1630,#1688,#2109,.T.);
#1294=EDGE_CURVE('',#1691,#1649,#2110,.T.);
#1295=EDGE_CURVE('',#1690,#1648,#2111,.T.);
#1296=EDGE_CURVE('',#1692,#1655,#2112,.T.);
#1297=EDGE_CURVE('',#1693,#1654,#2113,.T.);
#1298=EDGE_CURVE('',#1672,#1726,#2114,.T.);
#1299=EDGE_CURVE('',#1727,#1683,#2115,.T.);
#1300=EDGE_CURVE('',#1726,#1727,#62,.F.);
#1301=EDGE_CURVE('',#1728,#1684,#2116,.T.);
#1302=EDGE_CURVE('',#1728,#1729,#63,.T.);
#1303=EDGE_CURVE('',#1729,#1685,#2117,.T.);
#1304=EDGE_CURVE('',#1730,#1727,#2118,.T.);
#1305=EDGE_CURVE('',#1730,#1731,#64,.T.);
#1306=EDGE_CURVE('',#1731,#1726,#2119,.T.);
#1307=EDGE_CURVE('',#1731,#1732,#2120,.T.);
#1308=EDGE_CURVE('',#1732,#1733,#2121,.T.);
#1309=EDGE_CURVE('',#1673,#1733,#2122,.T.);
#1310=EDGE_CURVE('',#1733,#1734,#2123,.T.);
#1311=EDGE_CURVE('',#1732,#1735,#2124,.T.);
#1312=EDGE_CURVE('',#1735,#1734,#2125,.T.);
#1313=EDGE_CURVE('',#1734,#1676,#2126,.T.);
#1314=EDGE_CURVE('',#1735,#1728,#2127,.T.);
#1315=EDGE_CURVE('',#1729,#1736,#2128,.T.);
#1316=EDGE_CURVE('',#1736,#1737,#2129,.T.);
#1317=EDGE_CURVE('',#1679,#1737,#2130,.T.);
#1318=EDGE_CURVE('',#1737,#1738,#2131,.T.);
#1319=EDGE_CURVE('',#1736,#1739,#2132,.T.);
#1320=EDGE_CURVE('',#1739,#1738,#2133,.T.);
#1321=EDGE_CURVE('',#1738,#1682,#2134,.T.);
#1322=EDGE_CURVE('',#1739,#1730,#2135,.T.);
#1323=EDGE_CURVE('',#1610,#1740,#2136,.T.);
#1324=EDGE_CURVE('',#1740,#1741,#65,.F.);
#1325=EDGE_CURVE('',#1741,#1616,#2137,.T.);
#1326=EDGE_CURVE('',#1597,#1742,#2138,.T.);
#1327=EDGE_CURVE('',#1743,#1742,#2139,.T.);
#1328=EDGE_CURVE('',#1587,#1743,#2140,.T.);
#1329=EDGE_CURVE('',#1609,#1744,#2141,.T.);
#1330=EDGE_CURVE('',#1745,#1744,#2142,.T.);
#1331=EDGE_CURVE('',#1599,#1745,#2143,.T.);
#1332=EDGE_CURVE('',#1746,#1743,#2144,.T.);
#1333=EDGE_CURVE('',#1740,#1746,#2145,.T.);
#1334=EDGE_CURVE('',#1619,#1747,#2146,.T.);
#1335=EDGE_CURVE('',#1742,#1747,#2147,.T.);
#1336=EDGE_CURVE('',#1748,#1745,#2148,.T.);
#1337=EDGE_CURVE('',#1618,#1748,#2149,.T.);
#1338=EDGE_CURVE('',#1741,#1749,#2150,.T.);
#1339=EDGE_CURVE('',#1744,#1749,#2151,.T.);
#1340=EDGE_CURVE('',#1747,#1748,#66,.T.);
#1341=EDGE_CURVE('',#1749,#1746,#67,.T.);
#1342=EDGE_CURVE('',#1665,#1656,#68,.T.);
#1343=EDGE_CURVE('',#1657,#1664,#69,.T.);
#1344=EDGE_CURVE('',#1750,#1750,#70,.T.);
#1345=EDGE_CURVE('',#1751,#1751,#71,.T.);
#1346=EDGE_CURVE('',#1752,#1753,#2152,.T.);
#1347=EDGE_CURVE('',#1754,#1752,#2153,.T.);
#1348=EDGE_CURVE('',#1755,#1754,#2154,.T.);
#1349=EDGE_CURVE('',#1755,#1753,#2155,.T.);
#1350=EDGE_CURVE('',#1756,#1752,#2156,.T.);
#1351=EDGE_CURVE('',#1757,#1756,#2157,.T.);
#1352=EDGE_CURVE('',#1754,#1757,#2158,.T.);
#1353=EDGE_CURVE('',#1758,#1756,#2159,.T.);
#1354=EDGE_CURVE('',#1759,#1758,#2160,.T.);
#1355=EDGE_CURVE('',#1757,#1759,#2161,.T.);
#1356=EDGE_CURVE('',#1760,#1761,#2162,.T.);
#1357=EDGE_CURVE('',#1761,#1762,#2163,.T.);
#1358=EDGE_CURVE('',#1763,#1762,#2164,.T.);
#1359=EDGE_CURVE('',#1763,#1760,#2165,.T.);
#1360=EDGE_CURVE('',#1762,#1764,#2166,.T.);
#1361=EDGE_CURVE('',#1765,#1764,#2167,.T.);
#1362=EDGE_CURVE('',#1765,#1763,#2168,.T.);
#1363=EDGE_CURVE('',#1764,#1766,#2169,.T.);
#1364=EDGE_CURVE('',#1767,#1766,#2170,.T.);
#1365=EDGE_CURVE('',#1767,#1765,#2171,.T.);
#1366=EDGE_CURVE('',#1766,#1761,#2172,.T.);
#1367=EDGE_CURVE('',#1760,#1767,#2173,.T.);
#1368=EDGE_CURVE('',#1753,#1758,#2174,.T.);
#1369=EDGE_CURVE('',#1759,#1755,#2175,.T.);
#1370=EDGE_CURVE('',#1768,#1769,#2176,.T.);
#1371=EDGE_CURVE('',#1768,#1770,#2177,.T.);
#1372=EDGE_CURVE('',#1770,#1771,#2178,.T.);
#1373=EDGE_CURVE('',#1769,#1771,#2179,.T.);
#1374=EDGE_CURVE('',#1772,#1773,#2180,.T.);
#1375=EDGE_CURVE('',#1774,#1772,#2181,.T.);
#1376=EDGE_CURVE('',#1775,#1774,#2182,.T.);
#1377=EDGE_CURVE('',#1775,#1773,#2183,.T.);
#1378=EDGE_CURVE('',#1769,#1776,#2184,.T.);
#1379=EDGE_CURVE('',#1771,#1777,#2185,.T.);
#1380=EDGE_CURVE('',#1776,#1777,#2186,.T.);
#1381=EDGE_CURVE('',#1778,#1772,#2187,.T.);
#1382=EDGE_CURVE('',#1779,#1778,#2188,.T.);
#1383=EDGE_CURVE('',#1774,#1779,#2189,.T.);
#1384=EDGE_CURVE('',#1776,#1780,#2190,.T.);
#1385=EDGE_CURVE('',#1777,#1781,#2191,.T.);
#1386=EDGE_CURVE('',#1781,#1780,#2192,.T.);
#1387=EDGE_CURVE('',#1782,#1778,#2193,.T.);
#1388=EDGE_CURVE('',#1782,#1783,#2194,.T.);
#1389=EDGE_CURVE('',#1779,#1783,#2195,.T.);
#1390=EDGE_CURVE('',#1784,#1785,#2196,.T.);
#1391=EDGE_CURVE('',#1786,#1784,#2197,.T.);
#1392=EDGE_CURVE('',#1786,#1787,#2198,.T.);
#1393=EDGE_CURVE('',#1785,#1787,#2199,.T.);
#1394=EDGE_CURVE('',#1788,#1789,#2200,.T.);
#1395=EDGE_CURVE('',#1790,#1788,#2201,.T.);
#1396=EDGE_CURVE('',#1791,#1790,#2202,.T.);
#1397=EDGE_CURVE('',#1789,#1791,#2203,.T.);
#1398=EDGE_CURVE('',#1785,#1792,#2204,.T.);
#1399=EDGE_CURVE('',#1787,#1793,#2205,.T.);
#1400=EDGE_CURVE('',#1792,#1793,#2206,.T.);
#1401=EDGE_CURVE('',#1794,#1788,#2207,.T.);
#1402=EDGE_CURVE('',#1795,#1794,#2208,.T.);
#1403=EDGE_CURVE('',#1790,#1795,#2209,.T.);
#1404=EDGE_CURVE('',#1792,#1796,#2210,.T.);
#1405=EDGE_CURVE('',#1793,#1797,#2211,.T.);
#1406=EDGE_CURVE('',#1796,#1797,#2212,.T.);
#1407=EDGE_CURVE('',#1798,#1794,#2213,.T.);
#1408=EDGE_CURVE('',#1799,#1798,#2214,.T.);
#1409=EDGE_CURVE('',#1795,#1799,#2215,.T.);
#1410=EDGE_CURVE('',#1775,#1783,#2216,.T.);
#1411=EDGE_CURVE('',#1770,#1781,#2217,.T.);
#1412=EDGE_CURVE('',#1780,#1768,#2218,.T.);
#1413=EDGE_CURVE('',#1782,#1773,#2219,.T.);
#1414=EDGE_CURVE('',#1796,#1784,#2220,.T.);
#1415=EDGE_CURVE('',#1797,#1786,#2221,.T.);
#1416=EDGE_CURVE('',#1798,#1789,#2222,.T.);
#1417=EDGE_CURVE('',#1799,#1791,#2223,.T.);
#1418=EDGE_CURVE('',#1800,#1801,#2224,.T.);
#1419=EDGE_CURVE('',#1800,#1802,#2225,.T.);
#1420=EDGE_CURVE('',#1802,#1803,#2226,.T.);
#1421=EDGE_CURVE('',#1801,#1803,#2227,.T.);
#1422=EDGE_CURVE('',#1801,#1804,#2228,.T.);
#1423=EDGE_CURVE('',#1803,#1805,#2229,.T.);
#1424=EDGE_CURVE('',#1804,#1805,#2230,.T.);
#1425=EDGE_CURVE('',#1804,#1806,#2231,.T.);
#1426=EDGE_CURVE('',#1805,#1807,#2232,.T.);
#1427=EDGE_CURVE('',#1806,#1807,#2233,.T.);
#1428=EDGE_CURVE('',#1808,#1809,#2234,.T.);
#1429=EDGE_CURVE('',#1808,#1810,#2235,.T.);
#1430=EDGE_CURVE('',#1810,#1811,#2236,.T.);
#1431=EDGE_CURVE('',#1809,#1811,#2237,.T.);
#1432=EDGE_CURVE('',#1812,#1813,#2238,.T.);
#1433=EDGE_CURVE('',#1812,#1808,#2239,.T.);
#1434=EDGE_CURVE('',#1813,#1809,#2240,.T.);
#1435=EDGE_CURVE('',#1814,#1815,#2241,.T.);
#1436=EDGE_CURVE('',#1814,#1812,#2242,.T.);
#1437=EDGE_CURVE('',#1815,#1813,#2243,.T.);
#1438=EDGE_CURVE('',#1810,#1814,#2244,.T.);
#1439=EDGE_CURVE('',#1811,#1815,#2245,.T.);
#1440=EDGE_CURVE('',#1806,#1800,#2246,.T.);
#1441=EDGE_CURVE('',#1807,#1802,#2247,.T.);
#1442=EDGE_CURVE('',#1816,#1817,#2248,.T.);
#1443=EDGE_CURVE('',#1816,#1818,#72,.T.);
#1444=EDGE_CURVE('',#1818,#1819,#2249,.T.);
#1445=EDGE_CURVE('',#1817,#1819,#73,.T.);
#1446=EDGE_CURVE('',#1820,#1821,#2250,.T.);
#1447=EDGE_CURVE('',#1821,#1822,#74,.T.);
#1448=EDGE_CURVE('',#1823,#1822,#2251,.T.);
#1449=EDGE_CURVE('',#1823,#1820,#75,.T.);
#1450=EDGE_CURVE('',#1816,#1824,#2252,.T.);
#1451=EDGE_CURVE('',#1817,#1825,#2253,.T.);
#1452=EDGE_CURVE('',#1824,#1825,#2254,.T.);
#1453=EDGE_CURVE('',#1826,#1822,#2255,.T.);
#1454=EDGE_CURVE('',#1827,#1826,#2256,.T.);
#1455=EDGE_CURVE('',#1823,#1827,#2257,.T.);
#1456=EDGE_CURVE('',#1824,#1828,#76,.T.);
#1457=EDGE_CURVE('',#1825,#1829,#77,.T.);
#1458=EDGE_CURVE('',#1828,#1829,#2258,.T.);
#1459=EDGE_CURVE('',#1830,#1826,#78,.T.);
#1460=EDGE_CURVE('',#1831,#1830,#2259,.T.);
#1461=EDGE_CURVE('',#1827,#1831,#79,.T.);
#1462=EDGE_CURVE('',#1828,#1832,#2260,.T.);
#1463=EDGE_CURVE('',#1829,#1833,#2261,.T.);
#1464=EDGE_CURVE('',#1832,#1833,#2262,.T.);
#1465=EDGE_CURVE('',#1834,#1830,#2263,.T.);
#1466=EDGE_CURVE('',#1835,#1834,#2264,.T.);
#1467=EDGE_CURVE('',#1831,#1835,#2265,.T.);
#1468=EDGE_CURVE('',#1832,#1836,#2266,.T.);
#1469=EDGE_CURVE('',#1833,#1837,#2267,.T.);
#1470=EDGE_CURVE('',#1836,#1837,#2268,.T.);
#1471=EDGE_CURVE('',#1838,#1834,#2269,.T.);
#1472=EDGE_CURVE('',#1839,#1838,#2270,.T.);
#1473=EDGE_CURVE('',#1835,#1839,#2271,.T.);
#1474=EDGE_CURVE('',#1836,#1840,#2272,.T.);
#1475=EDGE_CURVE('',#1837,#1841,#2273,.T.);
#1476=EDGE_CURVE('',#1840,#1841,#2274,.T.);
#1477=EDGE_CURVE('',#1842,#1838,#2275,.T.);
#1478=EDGE_CURVE('',#1843,#1842,#2276,.T.);
#1479=EDGE_CURVE('',#1839,#1843,#2277,.T.);
#1480=EDGE_CURVE('',#1844,#1845,#2278,.T.);
#1481=EDGE_CURVE('',#1844,#1840,#80,.T.);
#1482=EDGE_CURVE('',#1845,#1841,#81,.T.);
#1483=EDGE_CURVE('',#1842,#1846,#82,.T.);
#1484=EDGE_CURVE('',#1847,#1846,#2279,.T.);
#1485=EDGE_CURVE('',#1847,#1843,#83,.T.);
#1486=EDGE_CURVE('',#1844,#1848,#2280,.T.);
#1487=EDGE_CURVE('',#1845,#1849,#2281,.T.);
#1488=EDGE_CURVE('',#1848,#1849,#2282,.T.);
#1489=EDGE_CURVE('',#1850,#1846,#2283,.T.);
#1490=EDGE_CURVE('',#1851,#1850,#2284,.T.);
#1491=EDGE_CURVE('',#1847,#1851,#2285,.T.);
#1492=EDGE_CURVE('',#1848,#1852,#84,.T.);
#1493=EDGE_CURVE('',#1849,#1853,#85,.T.);
#1494=EDGE_CURVE('',#1852,#1853,#2286,.T.);
#1495=EDGE_CURVE('',#1854,#1850,#86,.T.);
#1496=EDGE_CURVE('',#1855,#1854,#2287,.T.);
#1497=EDGE_CURVE('',#1851,#1855,#87,.T.);
#1498=EDGE_CURVE('',#1856,#1818,#2288,.T.);
#1499=EDGE_CURVE('',#1857,#1856,#2289,.T.);
#1500=EDGE_CURVE('',#1857,#1819,#2290,.T.);
#1501=EDGE_CURVE('',#1821,#1858,#2291,.T.);
#1502=EDGE_CURVE('',#1859,#1820,#2292,.T.);
#1503=EDGE_CURVE('',#1858,#1859,#2293,.T.);
#1504=EDGE_CURVE('',#1852,#1860,#2294,.T.);
#1505=EDGE_CURVE('',#1853,#1861,#2295,.T.);
#1506=EDGE_CURVE('',#1860,#1861,#2296,.T.);
#1507=EDGE_CURVE('',#1862,#1854,#2297,.T.);
#1508=EDGE_CURVE('',#1863,#1862,#2298,.T.);
#1509=EDGE_CURVE('',#1855,#1863,#2299,.T.);
#1510=EDGE_CURVE('',#1864,#1865,#2300,.T.);
#1511=EDGE_CURVE('',#1864,#1866,#88,.T.);
#1512=EDGE_CURVE('',#1866,#1867,#2301,.T.);
#1513=EDGE_CURVE('',#1865,#1867,#89,.T.);
#1514=EDGE_CURVE('',#1868,#1869,#2302,.T.);
#1515=EDGE_CURVE('',#1869,#1870,#90,.T.);
#1516=EDGE_CURVE('',#1871,#1870,#2303,.T.);
#1517=EDGE_CURVE('',#1871,#1868,#91,.T.);
#1518=EDGE_CURVE('',#1864,#1872,#2304,.T.);
#1519=EDGE_CURVE('',#1865,#1873,#2305,.T.);
#1520=EDGE_CURVE('',#1872,#1873,#2306,.T.);
#1521=EDGE_CURVE('',#1874,#1870,#2307,.T.);
#1522=EDGE_CURVE('',#1875,#1874,#2308,.T.);
#1523=EDGE_CURVE('',#1871,#1875,#2309,.T.);
#1524=EDGE_CURVE('',#1872,#1876,#92,.T.);
#1525=EDGE_CURVE('',#1873,#1877,#93,.T.);
#1526=EDGE_CURVE('',#1876,#1877,#2310,.T.);
#1527=EDGE_CURVE('',#1878,#1874,#94,.T.);
#1528=EDGE_CURVE('',#1879,#1878,#2311,.T.);
#1529=EDGE_CURVE('',#1875,#1879,#95,.T.);
#1530=EDGE_CURVE('',#1876,#1880,#2312,.T.);
#1531=EDGE_CURVE('',#1877,#1881,#2313,.T.);
#1532=EDGE_CURVE('',#1880,#1881,#2314,.T.);
#1533=EDGE_CURVE('',#1882,#1878,#2315,.T.);
#1534=EDGE_CURVE('',#1883,#1882,#2316,.T.);
#1535=EDGE_CURVE('',#1879,#1883,#2317,.T.);
#1536=EDGE_CURVE('',#1880,#1884,#2318,.T.);
#1537=EDGE_CURVE('',#1881,#1885,#2319,.T.);
#1538=EDGE_CURVE('',#1884,#1885,#2320,.T.);
#1539=EDGE_CURVE('',#1886,#1882,#2321,.T.);
#1540=EDGE_CURVE('',#1887,#1886,#2322,.T.);
#1541=EDGE_CURVE('',#1883,#1887,#2323,.T.);
#1542=EDGE_CURVE('',#1884,#1888,#2324,.T.);
#1543=EDGE_CURVE('',#1885,#1889,#2325,.T.);
#1544=EDGE_CURVE('',#1888,#1889,#2326,.T.);
#1545=EDGE_CURVE('',#1890,#1886,#2327,.T.);
#1546=EDGE_CURVE('',#1891,#1890,#2328,.T.);
#1547=EDGE_CURVE('',#1887,#1891,#2329,.T.);
#1548=EDGE_CURVE('',#1892,#1893,#2330,.T.);
#1549=EDGE_CURVE('',#1892,#1888,#96,.T.);
#1550=EDGE_CURVE('',#1893,#1889,#97,.T.);
#1551=EDGE_CURVE('',#1890,#1894,#98,.T.);
#1552=EDGE_CURVE('',#1895,#1894,#2331,.T.);
#1553=EDGE_CURVE('',#1895,#1891,#99,.T.);
#1554=EDGE_CURVE('',#1892,#1896,#2332,.T.);
#1555=EDGE_CURVE('',#1893,#1897,#2333,.T.);
#1556=EDGE_CURVE('',#1896,#1897,#2334,.T.);
#1557=EDGE_CURVE('',#1898,#1894,#2335,.T.);
#1558=EDGE_CURVE('',#1899,#1898,#2336,.T.);
#1559=EDGE_CURVE('',#1895,#1899,#2337,.T.);
#1560=EDGE_CURVE('',#1896,#1900,#100,.T.);
#1561=EDGE_CURVE('',#1897,#1901,#101,.T.);
#1562=EDGE_CURVE('',#1900,#1901,#2338,.T.);
#1563=EDGE_CURVE('',#1902,#1898,#102,.T.);
#1564=EDGE_CURVE('',#1903,#1902,#2339,.T.);
#1565=EDGE_CURVE('',#1899,#1903,#103,.T.);
#1566=EDGE_CURVE('',#1904,#1866,#2340,.T.);
#1567=EDGE_CURVE('',#1904,#1905,#2341,.T.);
#1568=EDGE_CURVE('',#1905,#1867,#2342,.T.);
#1569=EDGE_CURVE('',#1869,#1906,#2343,.T.);
#1570=EDGE_CURVE('',#1907,#1868,#2344,.T.);
#1571=EDGE_CURVE('',#1907,#1906,#2345,.T.);
#1572=EDGE_CURVE('',#1900,#1908,#2346,.T.);
#1573=EDGE_CURVE('',#1901,#1909,#2347,.T.);
#1574=EDGE_CURVE('',#1909,#1908,#2348,.T.);
#1575=EDGE_CURVE('',#1910,#1902,#2349,.T.);
#1576=EDGE_CURVE('',#1910,#1911,#2350,.T.);
#1577=EDGE_CURVE('',#1903,#1911,#2351,.T.);
#1578=EDGE_CURVE('',#1856,#1860,#2352,.T.);
#1579=EDGE_CURVE('',#1861,#1857,#2353,.T.);
#1580=EDGE_CURVE('',#1904,#1908,#2354,.T.);
#1581=EDGE_CURVE('',#1905,#1909,#2355,.T.);
#1582=EDGE_CURVE('',#1906,#1910,#2356,.T.);
#1583=EDGE_CURVE('',#1907,#1911,#2357,.T.);
#1584=EDGE_CURVE('',#1858,#1862,#2358,.T.);
#1585=EDGE_CURVE('',#1863,#1859,#2359,.T.);
#1586=VERTEX_POINT('',#4747);
#1587=VERTEX_POINT('',#4748);
#1588=VERTEX_POINT('',#4750);
#1589=VERTEX_POINT('',#4752);
#1590=VERTEX_POINT('',#4754);
#1591=VERTEX_POINT('',#4756);
#1592=VERTEX_POINT('',#4758);
#1593=VERTEX_POINT('',#4760);
#1594=VERTEX_POINT('',#4762);
#1595=VERTEX_POINT('',#4764);
#1596=VERTEX_POINT('',#4766);
#1597=VERTEX_POINT('',#4768);
#1598=VERTEX_POINT('',#4772);
#1599=VERTEX_POINT('',#4773);
#1600=VERTEX_POINT('',#4775);
#1601=VERTEX_POINT('',#4777);
#1602=VERTEX_POINT('',#4779);
#1603=VERTEX_POINT('',#4781);
#1604=VERTEX_POINT('',#4783);
#1605=VERTEX_POINT('',#4785);
#1606=VERTEX_POINT('',#4787);
#1607=VERTEX_POINT('',#4789);
#1608=VERTEX_POINT('',#4791);
#1609=VERTEX_POINT('',#4793);
#1610=VERTEX_POINT('',#4797);
#1611=VERTEX_POINT('',#4799);
#1612=VERTEX_POINT('',#4803);
#1613=VERTEX_POINT('',#4804);
#1614=VERTEX_POINT('',#4809);
#1615=VERTEX_POINT('',#4811);
#1616=VERTEX_POINT('',#4815);
#1617=VERTEX_POINT('',#4816);
#1618=VERTEX_POINT('',#4821);
#1619=VERTEX_POINT('',#4822);
#1620=VERTEX_POINT('',#4828);
#1621=VERTEX_POINT('',#4829);
#1622=VERTEX_POINT('',#4831);
#1623=VERTEX_POINT('',#4833);
#1624=VERTEX_POINT('',#4835);
#1625=VERTEX_POINT('',#4837);
#1626=VERTEX_POINT('',#4839);
#1627=VERTEX_POINT('',#4841);
#1628=VERTEX_POINT('',#4844);
#1629=VERTEX_POINT('',#4847);
#1630=VERTEX_POINT('',#4849);
#1631=VERTEX_POINT('',#4851);
#1632=VERTEX_POINT('',#4853);
#1633=VERTEX_POINT('',#4855);
#1634=VERTEX_POINT('',#4857);
#1635=VERTEX_POINT('',#4859);
#1636=VERTEX_POINT('',#4861);
#1637=VERTEX_POINT('',#4863);
#1638=VERTEX_POINT('',#4867);
#1639=VERTEX_POINT('',#4868);
#1640=VERTEX_POINT('',#4870);
#1641=VERTEX_POINT('',#4872);
#1642=VERTEX_POINT('',#4874);
#1643=VERTEX_POINT('',#4876);
#1644=VERTEX_POINT('',#4878);
#1645=VERTEX_POINT('',#4880);
#1646=VERTEX_POINT('',#4883);
#1647=VERTEX_POINT('',#4885);
#1648=VERTEX_POINT('',#4887);
#1649=VERTEX_POINT('',#4889);
#1650=VERTEX_POINT('',#4891);
#1651=VERTEX_POINT('',#4893);
#1652=VERTEX_POINT('',#4895);
#1653=VERTEX_POINT('',#4897);
#1654=VERTEX_POINT('',#4899);
#1655=VERTEX_POINT('',#4901);
#1656=VERTEX_POINT('',#4905);
#1657=VERTEX_POINT('',#4906);
#1658=VERTEX_POINT('',#4908);
#1659=VERTEX_POINT('',#4910);
#1660=VERTEX_POINT('',#4912);
#1661=VERTEX_POINT('',#4914);
#1662=VERTEX_POINT('',#4916);
#1663=VERTEX_POINT('',#4918);
#1664=VERTEX_POINT('',#4922);
#1665=VERTEX_POINT('',#4923);
#1666=VERTEX_POINT('',#4925);
#1667=VERTEX_POINT('',#4927);
#1668=VERTEX_POINT('',#4929);
#1669=VERTEX_POINT('',#4931);
#1670=VERTEX_POINT('',#4933);
#1671=VERTEX_POINT('',#4935);
#1672=VERTEX_POINT('',#4939);
#1673=VERTEX_POINT('',#4941);
#1674=VERTEX_POINT('',#4943);
#1675=VERTEX_POINT('',#4947);
#1676=VERTEX_POINT('',#4948);
#1677=VERTEX_POINT('',#4950);
#1678=VERTEX_POINT('',#4955);
#1679=VERTEX_POINT('',#4957);
#1680=VERTEX_POINT('',#4959);
#1681=VERTEX_POINT('',#4963);
#1682=VERTEX_POINT('',#4964);
#1683=VERTEX_POINT('',#4966);
#1684=VERTEX_POINT('',#4971);
#1685=VERTEX_POINT('',#4973);
#1686=VERTEX_POINT('',#4977);
#1687=VERTEX_POINT('',#4981);
#1688=VERTEX_POINT('',#4986);
#1689=VERTEX_POINT('',#4990);
#1690=VERTEX_POINT('',#4995);
#1691=VERTEX_POINT('',#4999);
#1692=VERTEX_POINT('',#5004);
#1693=VERTEX_POINT('',#5008);
#1694=VERTEX_POINT('',#5027);
#1695=VERTEX_POINT('',#5028);
#1696=VERTEX_POINT('',#5030);
#1697=VERTEX_POINT('',#5032);
#1698=VERTEX_POINT('',#5035);
#1699=VERTEX_POINT('',#5036);
#1700=VERTEX_POINT('',#5038);
#1701=VERTEX_POINT('',#5040);
#1702=VERTEX_POINT('',#5046);
#1703=VERTEX_POINT('',#5047);
#1704=VERTEX_POINT('',#5049);
#1705=VERTEX_POINT('',#5051);
#1706=VERTEX_POINT('',#5054);
#1707=VERTEX_POINT('',#5055);
#1708=VERTEX_POINT('',#5057);
#1709=VERTEX_POINT('',#5059);
#1710=VERTEX_POINT('',#5065);
#1711=VERTEX_POINT('',#5066);
#1712=VERTEX_POINT('',#5068);
#1713=VERTEX_POINT('',#5070);
#1714=VERTEX_POINT('',#5073);
#1715=VERTEX_POINT('',#5074);
#1716=VERTEX_POINT('',#5076);
#1717=VERTEX_POINT('',#5078);
#1718=VERTEX_POINT('',#5084);
#1719=VERTEX_POINT('',#5085);
#1720=VERTEX_POINT('',#5087);
#1721=VERTEX_POINT('',#5089);
#1722=VERTEX_POINT('',#5092);
#1723=VERTEX_POINT('',#5093);
#1724=VERTEX_POINT('',#5095);
#1725=VERTEX_POINT('',#5097);
#1726=VERTEX_POINT('',#5159);
#1727=VERTEX_POINT('',#5161);
#1728=VERTEX_POINT('',#5165);
#1729=VERTEX_POINT('',#5167);
#1730=VERTEX_POINT('',#5171);
#1731=VERTEX_POINT('',#5173);
#1732=VERTEX_POINT('',#5177);
#1733=VERTEX_POINT('',#5179);
#1734=VERTEX_POINT('',#5183);
#1735=VERTEX_POINT('',#5185);
#1736=VERTEX_POINT('',#5192);
#1737=VERTEX_POINT('',#5194);
#1738=VERTEX_POINT('',#5198);
#1739=VERTEX_POINT('',#5200);
#1740=VERTEX_POINT('',#5208);
#1741=VERTEX_POINT('',#5210);
#1742=VERTEX_POINT('',#5214);
#1743=VERTEX_POINT('',#5216);
#1744=VERTEX_POINT('',#5220);
#1745=VERTEX_POINT('',#5222);
#1746=VERTEX_POINT('',#5226);
#1747=VERTEX_POINT('',#5230);
#1748=VERTEX_POINT('',#5234);
#1749=VERTEX_POINT('',#5238);
#1750=VERTEX_POINT('',#5250);
#1751=VERTEX_POINT('',#5253);
#1752=VERTEX_POINT('',#5258);
#1753=VERTEX_POINT('',#5259);
#1754=VERTEX_POINT('',#5261);
#1755=VERTEX_POINT('',#5263);
#1756=VERTEX_POINT('',#5267);
#1757=VERTEX_POINT('',#5269);
#1758=VERTEX_POINT('',#5273);
#1759=VERTEX_POINT('',#5275);
#1760=VERTEX_POINT('',#5279);
#1761=VERTEX_POINT('',#5280);
#1762=VERTEX_POINT('',#5282);
#1763=VERTEX_POINT('',#5284);
#1764=VERTEX_POINT('',#5288);
#1765=VERTEX_POINT('',#5290);
#1766=VERTEX_POINT('',#5294);
#1767=VERTEX_POINT('',#5296);
#1768=VERTEX_POINT('',#5306);
#1769=VERTEX_POINT('',#5307);
#1770=VERTEX_POINT('',#5309);
#1771=VERTEX_POINT('',#5311);
#1772=VERTEX_POINT('',#5315);
#1773=VERTEX_POINT('',#5316);
#1774=VERTEX_POINT('',#5318);
#1775=VERTEX_POINT('',#5320);
#1776=VERTEX_POINT('',#5324);
#1777=VERTEX_POINT('',#5326);
#1778=VERTEX_POINT('',#5330);
#1779=VERTEX_POINT('',#5332);
#1780=VERTEX_POINT('',#5336);
#1781=VERTEX_POINT('',#5338);
#1782=VERTEX_POINT('',#5342);
#1783=VERTEX_POINT('',#5344);
#1784=VERTEX_POINT('',#5348);
#1785=VERTEX_POINT('',#5349);
#1786=VERTEX_POINT('',#5351);
#1787=VERTEX_POINT('',#5353);
#1788=VERTEX_POINT('',#5357);
#1789=VERTEX_POINT('',#5358);
#1790=VERTEX_POINT('',#5360);
#1791=VERTEX_POINT('',#5362);
#1792=VERTEX_POINT('',#5366);
#1793=VERTEX_POINT('',#5368);
#1794=VERTEX_POINT('',#5372);
#1795=VERTEX_POINT('',#5374);
#1796=VERTEX_POINT('',#5378);
#1797=VERTEX_POINT('',#5380);
#1798=VERTEX_POINT('',#5384);
#1799=VERTEX_POINT('',#5386);
#1800=VERTEX_POINT('',#5409);
#1801=VERTEX_POINT('',#5410);
#1802=VERTEX_POINT('',#5412);
#1803=VERTEX_POINT('',#5414);
#1804=VERTEX_POINT('',#5418);
#1805=VERTEX_POINT('',#5420);
#1806=VERTEX_POINT('',#5424);
#1807=VERTEX_POINT('',#5426);
#1808=VERTEX_POINT('',#5430);
#1809=VERTEX_POINT('',#5431);
#1810=VERTEX_POINT('',#5433);
#1811=VERTEX_POINT('',#5435);
#1812=VERTEX_POINT('',#5439);
#1813=VERTEX_POINT('',#5440);
#1814=VERTEX_POINT('',#5445);
#1815=VERTEX_POINT('',#5446);
#1816=VERTEX_POINT('',#5457);
#1817=VERTEX_POINT('',#5458);
#1818=VERTEX_POINT('',#5460);
#1819=VERTEX_POINT('',#5462);
#1820=VERTEX_POINT('',#5466);
#1821=VERTEX_POINT('',#5467);
#1822=VERTEX_POINT('',#5469);
#1823=VERTEX_POINT('',#5471);
#1824=VERTEX_POINT('',#5475);
#1825=VERTEX_POINT('',#5477);
#1826=VERTEX_POINT('',#5481);
#1827=VERTEX_POINT('',#5483);
#1828=VERTEX_POINT('',#5487);
#1829=VERTEX_POINT('',#5489);
#1830=VERTEX_POINT('',#5493);
#1831=VERTEX_POINT('',#5495);
#1832=VERTEX_POINT('',#5499);
#1833=VERTEX_POINT('',#5501);
#1834=VERTEX_POINT('',#5505);
#1835=VERTEX_POINT('',#5507);
#1836=VERTEX_POINT('',#5511);
#1837=VERTEX_POINT('',#5513);
#1838=VERTEX_POINT('',#5517);
#1839=VERTEX_POINT('',#5519);
#1840=VERTEX_POINT('',#5523);
#1841=VERTEX_POINT('',#5525);
#1842=VERTEX_POINT('',#5529);
#1843=VERTEX_POINT('',#5531);
#1844=VERTEX_POINT('',#5535);
#1845=VERTEX_POINT('',#5536);
#1846=VERTEX_POINT('',#5541);
#1847=VERTEX_POINT('',#5543);
#1848=VERTEX_POINT('',#5547);
#1849=VERTEX_POINT('',#5549);
#1850=VERTEX_POINT('',#5553);
#1851=VERTEX_POINT('',#5555);
#1852=VERTEX_POINT('',#5559);
#1853=VERTEX_POINT('',#5561);
#1854=VERTEX_POINT('',#5565);
#1855=VERTEX_POINT('',#5567);
#1856=VERTEX_POINT('',#5571);
#1857=VERTEX_POINT('',#5573);
#1858=VERTEX_POINT('',#5577);
#1859=VERTEX_POINT('',#5579);
#1860=VERTEX_POINT('',#5583);
#1861=VERTEX_POINT('',#5585);
#1862=VERTEX_POINT('',#5589);
#1863=VERTEX_POINT('',#5591);
#1864=VERTEX_POINT('',#5595);
#1865=VERTEX_POINT('',#5596);
#1866=VERTEX_POINT('',#5598);
#1867=VERTEX_POINT('',#5600);
#1868=VERTEX_POINT('',#5604);
#1869=VERTEX_POINT('',#5605);
#1870=VERTEX_POINT('',#5607);
#1871=VERTEX_POINT('',#5609);
#1872=VERTEX_POINT('',#5613);
#1873=VERTEX_POINT('',#5615);
#1874=VERTEX_POINT('',#5619);
#1875=VERTEX_POINT('',#5621);
#1876=VERTEX_POINT('',#5625);
#1877=VERTEX_POINT('',#5627);
#1878=VERTEX_POINT('',#5631);
#1879=VERTEX_POINT('',#5633);
#1880=VERTEX_POINT('',#5637);
#1881=VERTEX_POINT('',#5639);
#1882=VERTEX_POINT('',#5643);
#1883=VERTEX_POINT('',#5645);
#1884=VERTEX_POINT('',#5649);
#1885=VERTEX_POINT('',#5651);
#1886=VERTEX_POINT('',#5655);
#1887=VERTEX_POINT('',#5657);
#1888=VERTEX_POINT('',#5661);
#1889=VERTEX_POINT('',#5663);
#1890=VERTEX_POINT('',#5667);
#1891=VERTEX_POINT('',#5669);
#1892=VERTEX_POINT('',#5673);
#1893=VERTEX_POINT('',#5674);
#1894=VERTEX_POINT('',#5679);
#1895=VERTEX_POINT('',#5681);
#1896=VERTEX_POINT('',#5685);
#1897=VERTEX_POINT('',#5687);
#1898=VERTEX_POINT('',#5691);
#1899=VERTEX_POINT('',#5693);
#1900=VERTEX_POINT('',#5697);
#1901=VERTEX_POINT('',#5699);
#1902=VERTEX_POINT('',#5703);
#1903=VERTEX_POINT('',#5705);
#1904=VERTEX_POINT('',#5709);
#1905=VERTEX_POINT('',#5711);
#1906=VERTEX_POINT('',#5715);
#1907=VERTEX_POINT('',#5717);
#1908=VERTEX_POINT('',#5721);
#1909=VERTEX_POINT('',#5723);
#1910=VERTEX_POINT('',#5727);
#1911=VERTEX_POINT('',#5729);
#1912=LINE('',#4746,#2360);
#1913=LINE('',#4749,#2361);
#1914=LINE('',#4751,#2362);
#1915=LINE('',#4753,#2363);
#1916=LINE('',#4755,#2364);
#1917=LINE('',#4757,#2365);
#1918=LINE('',#4759,#2366);
#1919=LINE('',#4761,#2367);
#1920=LINE('',#4763,#2368);
#1921=LINE('',#4765,#2369);
#1922=LINE('',#4767,#2370);
#1923=LINE('',#4769,#2371);
#1924=LINE('',#4771,#2372);
#1925=LINE('',#4774,#2373);
#1926=LINE('',#4776,#2374);
#1927=LINE('',#4778,#2375);
#1928=LINE('',#4780,#2376);
#1929=LINE('',#4782,#2377);
#1930=LINE('',#4784,#2378);
#1931=LINE('',#4786,#2379);
#1932=LINE('',#4788,#2380);
#1933=LINE('',#4790,#2381);
#1934=LINE('',#4792,#2382);
#1935=LINE('',#4794,#2383);
#1936=LINE('',#4796,#2384);
#1937=LINE('',#4798,#2385);
#1938=LINE('',#4800,#2386);
#1939=LINE('',#4802,#2387);
#1940=LINE('',#4805,#2388);
#1941=LINE('',#4806,#2389);
#1942=LINE('',#4808,#2390);
#1943=LINE('',#4810,#2391);
#1944=LINE('',#4812,#2392);
#1945=LINE('',#4814,#2393);
#1946=LINE('',#4817,#2394);
#1947=LINE('',#4818,#2395);
#1948=LINE('',#4823,#2396);
#1949=LINE('',#4824,#2397);
#1950=LINE('',#4825,#2398);
#1951=LINE('',#4827,#2399);
#1952=LINE('',#4830,#2400);
#1953=LINE('',#4832,#2401);
#1954=LINE('',#4834,#2402);
#1955=LINE('',#4836,#2403);
#1956=LINE('',#4838,#2404);
#1957=LINE('',#4840,#2405);
#1958=LINE('',#4842,#2406);
#1959=LINE('',#4843,#2407);
#1960=LINE('',#4845,#2408);
#1961=LINE('',#4846,#2409);
#1962=LINE('',#4848,#2410);
#1963=LINE('',#4850,#2411);
#1964=LINE('',#4852,#2412);
#1965=LINE('',#4854,#2413);
#1966=LINE('',#4856,#2414);
#1967=LINE('',#4858,#2415);
#1968=LINE('',#4860,#2416);
#1969=LINE('',#4862,#2417);
#1970=LINE('',#4864,#2418);
#1971=LINE('',#4866,#2419);
#1972=LINE('',#4869,#2420);
#1973=LINE('',#4871,#2421);
#1974=LINE('',#4873,#2422);
#1975=LINE('',#4875,#2423);
#1976=LINE('',#4877,#2424);
#1977=LINE('',#4879,#2425);
#1978=LINE('',#4881,#2426);
#1979=LINE('',#4882,#2427);
#1980=LINE('',#4884,#2428);
#1981=LINE('',#4886,#2429);
#1982=LINE('',#4888,#2430);
#1983=LINE('',#4890,#2431);
#1984=LINE('',#4892,#2432);
#1985=LINE('',#4894,#2433);
#1986=LINE('',#4896,#2434);
#1987=LINE('',#4898,#2435);
#1988=LINE('',#4900,#2436);
#1989=LINE('',#4902,#2437);
#1990=LINE('',#4907,#2438);
#1991=LINE('',#4909,#2439);
#1992=LINE('',#4911,#2440);
#1993=LINE('',#4913,#2441);
#1994=LINE('',#4915,#2442);
#1995=LINE('',#4917,#2443);
#1996=LINE('',#4919,#2444);
#1997=LINE('',#4924,#2445);
#1998=LINE('',#4926,#2446);
#1999=LINE('',#4928,#2447);
#2000=LINE('',#4930,#2448);
#2001=LINE('',#4932,#2449);
#2002=LINE('',#4934,#2450);
#2003=LINE('',#4936,#2451);
#2004=LINE('',#4938,#2452);
#2005=LINE('',#4940,#2453);
#2006=LINE('',#4942,#2454);
#2007=LINE('',#4944,#2455);
#2008=LINE('',#4946,#2456);
#2009=LINE('',#4949,#2457);
#2010=LINE('',#4951,#2458);
#2011=LINE('',#4952,#2459);
#2012=LINE('',#4954,#2460);
#2013=LINE('',#4956,#2461);
#2014=LINE('',#4958,#2462);
#2015=LINE('',#4960,#2463);
#2016=LINE('',#4962,#2464);
#2017=LINE('',#4965,#2465);
#2018=LINE('',#4967,#2466);
#2019=LINE('',#4968,#2467);
#2020=LINE('',#4970,#2468);
#2021=LINE('',#4974,#2469);
#2022=LINE('',#4976,#2470);
#2023=LINE('',#4978,#2471);
#2024=LINE('',#4980,#2472);
#2025=LINE('',#4982,#2473);
#2026=LINE('',#4983,#2474);
#2027=LINE('',#4985,#2475);
#2028=LINE('',#4987,#2476);
#2029=LINE('',#4989,#2477);
#2030=LINE('',#4991,#2478);
#2031=LINE('',#4992,#2479);
#2032=LINE('',#4994,#2480);
#2033=LINE('',#4996,#2481);
#2034=LINE('',#4998,#2482);
#2035=LINE('',#5000,#2483);
#2036=LINE('',#5001,#2484);
#2037=LINE('',#5003,#2485);
#2038=LINE('',#5005,#2486);
#2039=LINE('',#5007,#2487);
#2040=LINE('',#5009,#2488);
#2041=LINE('',#5010,#2489);
#2042=LINE('',#5012,#2490);
#2043=LINE('',#5013,#2491);
#2044=LINE('',#5015,#2492);
#2045=LINE('',#5017,#2493);
#2046=LINE('',#5018,#2494);
#2047=LINE('',#5020,#2495);
#2048=LINE('',#5022,#2496);
#2049=LINE('',#5024,#2497);
#2050=LINE('',#5026,#2498);
#2051=LINE('',#5029,#2499);
#2052=LINE('',#5031,#2500);
#2053=LINE('',#5033,#2501);
#2054=LINE('',#5034,#2502);
#2055=LINE('',#5037,#2503);
#2056=LINE('',#5039,#2504);
#2057=LINE('',#5041,#2505);
#2058=LINE('',#5042,#2506);
#2059=LINE('',#5043,#2507);
#2060=LINE('',#5045,#2508);
#2061=LINE('',#5048,#2509);
#2062=LINE('',#5050,#2510);
#2063=LINE('',#5052,#2511);
#2064=LINE('',#5053,#2512);
#2065=LINE('',#5056,#2513);
#2066=LINE('',#5058,#2514);
#2067=LINE('',#5060,#2515);
#2068=LINE('',#5061,#2516);
#2069=LINE('',#5062,#2517);
#2070=LINE('',#5064,#2518);
#2071=LINE('',#5067,#2519);
#2072=LINE('',#5069,#2520);
#2073=LINE('',#5071,#2521);
#2074=LINE('',#5072,#2522);
#2075=LINE('',#5075,#2523);
#2076=LINE('',#5077,#2524);
#2077=LINE('',#5079,#2525);
#2078=LINE('',#5080,#2526);
#2079=LINE('',#5081,#2527);
#2080=LINE('',#5083,#2528);
#2081=LINE('',#5086,#2529);
#2082=LINE('',#5088,#2530);
#2083=LINE('',#5090,#2531);
#2084=LINE('',#5091,#2532);
#2085=LINE('',#5094,#2533);
#2086=LINE('',#5096,#2534);
#2087=LINE('',#5098,#2535);
#2088=LINE('',#5099,#2536);
#2089=LINE('',#5100,#2537);
#2090=LINE('',#5103,#2538);
#2091=LINE('',#5104,#2539);
#2092=LINE('',#5106,#2540);
#2093=LINE('',#5108,#2541);
#2094=LINE('',#5110,#2542);
#2095=LINE('',#5111,#2543);
#2096=LINE('',#5113,#2544);
#2097=LINE('',#5115,#2545);
#2098=LINE('',#5117,#2546);
#2099=LINE('',#5118,#2547);
#2100=LINE('',#5120,#2548);
#2101=LINE('',#5122,#2549);
#2102=LINE('',#5124,#2550);
#2103=LINE('',#5125,#2551);
#2104=LINE('',#5127,#2552);
#2105=LINE('',#5129,#2553);
#2106=LINE('',#5136,#2554);
#2107=LINE('',#5137,#2555);
#2108=LINE('',#5139,#2556);
#2109=LINE('',#5140,#2557);
#2110=LINE('',#5142,#2558);
#2111=LINE('',#5143,#2559);
#2112=LINE('',#5145,#2560);
#2113=LINE('',#5146,#2561);
#2114=LINE('',#5158,#2562);
#2115=LINE('',#5160,#2563);
#2116=LINE('',#5164,#2564);
#2117=LINE('',#5168,#2565);
#2118=LINE('',#5170,#2566);
#2119=LINE('',#5174,#2567);
#2120=LINE('',#5176,#2568);
#2121=LINE('',#5178,#2569);
#2122=LINE('',#5180,#2570);
#2123=LINE('',#5182,#2571);
#2124=LINE('',#5184,#2572);
#2125=LINE('',#5186,#2573);
#2126=LINE('',#5188,#2574);
#2127=LINE('',#5189,#2575);
#2128=LINE('',#5191,#2576);
#2129=LINE('',#5193,#2577);
#2130=LINE('',#5195,#2578);
#2131=LINE('',#5197,#2579);
#2132=LINE('',#5199,#2580);
#2133=LINE('',#5201,#2581);
#2134=LINE('',#5203,#2582);
#2135=LINE('',#5204,#2583);
#2136=LINE('',#5207,#2584);
#2137=LINE('',#5211,#2585);
#2138=LINE('',#5213,#2586);
#2139=LINE('',#5215,#2587);
#2140=LINE('',#5217,#2588);
#2141=LINE('',#5219,#2589);
#2142=LINE('',#5221,#2590);
#2143=LINE('',#5223,#2591);
#2144=LINE('',#5225,#2592);
#2145=LINE('',#5227,#2593);
#2146=LINE('',#5229,#2594);
#2147=LINE('',#5231,#2595);
#2148=LINE('',#5233,#2596);
#2149=LINE('',#5235,#2597);
#2150=LINE('',#5237,#2598);
#2151=LINE('',#5239,#2599);
#2152=LINE('',#5257,#2600);
#2153=LINE('',#5260,#2601);
#2154=LINE('',#5262,#2602);
#2155=LINE('',#5264,#2603);
#2156=LINE('',#5266,#2604);
#2157=LINE('',#5268,#2605);
#2158=LINE('',#5270,#2606);
#2159=LINE('',#5272,#2607);
#2160=LINE('',#5274,#2608);
#2161=LINE('',#5276,#2609);
#2162=LINE('',#5278,#2610);
#2163=LINE('',#5281,#2611);
#2164=LINE('',#5283,#2612);
#2165=LINE('',#5285,#2613);
#2166=LINE('',#5287,#2614);
#2167=LINE('',#5289,#2615);
#2168=LINE('',#5291,#2616);
#2169=LINE('',#5293,#2617);
#2170=LINE('',#5295,#2618);
#2171=LINE('',#5297,#2619);
#2172=LINE('',#5299,#2620);
#2173=LINE('',#5300,#2621);
#2174=LINE('',#5302,#2622);
#2175=LINE('',#5303,#2623);
#2176=LINE('',#5305,#2624);
#2177=LINE('',#5308,#2625);
#2178=LINE('',#5310,#2626);
#2179=LINE('',#5312,#2627);
#2180=LINE('',#5314,#2628);
#2181=LINE('',#5317,#2629);
#2182=LINE('',#5319,#2630);
#2183=LINE('',#5321,#2631);
#2184=LINE('',#5323,#2632);
#2185=LINE('',#5325,#2633);
#2186=LINE('',#5327,#2634);
#2187=LINE('',#5329,#2635);
#2188=LINE('',#5331,#2636);
#2189=LINE('',#5333,#2637);
#2190=LINE('',#5335,#2638);
#2191=LINE('',#5337,#2639);
#2192=LINE('',#5339,#2640);
#2193=LINE('',#5341,#2641);
#2194=LINE('',#5343,#2642);
#2195=LINE('',#5345,#2643);
#2196=LINE('',#5347,#2644);
#2197=LINE('',#5350,#2645);
#2198=LINE('',#5352,#2646);
#2199=LINE('',#5354,#2647);
#2200=LINE('',#5356,#2648);
#2201=LINE('',#5359,#2649);
#2202=LINE('',#5361,#2650);
#2203=LINE('',#5363,#2651);
#2204=LINE('',#5365,#2652);
#2205=LINE('',#5367,#2653);
#2206=LINE('',#5369,#2654);
#2207=LINE('',#5371,#2655);
#2208=LINE('',#5373,#2656);
#2209=LINE('',#5375,#2657);
#2210=LINE('',#5377,#2658);
#2211=LINE('',#5379,#2659);
#2212=LINE('',#5381,#2660);
#2213=LINE('',#5383,#2661);
#2214=LINE('',#5385,#2662);
#2215=LINE('',#5387,#2663);
#2216=LINE('',#5389,#2664);
#2217=LINE('',#5391,#2665);
#2218=LINE('',#5393,#2666);
#2219=LINE('',#5394,#2667);
#2220=LINE('',#5395,#2668);
#2221=LINE('',#5396,#2669);
#2222=LINE('',#5397,#2670);
#2223=LINE('',#5398,#2671);
#2224=LINE('',#5408,#2672);
#2225=LINE('',#5411,#2673);
#2226=LINE('',#5413,#2674);
#2227=LINE('',#5415,#2675);
#2228=LINE('',#5417,#2676);
#2229=LINE('',#5419,#2677);
#2230=LINE('',#5421,#2678);
#2231=LINE('',#5423,#2679);
#2232=LINE('',#5425,#2680);
#2233=LINE('',#5427,#2681);
#2234=LINE('',#5429,#2682);
#2235=LINE('',#5432,#2683);
#2236=LINE('',#5434,#2684);
#2237=LINE('',#5436,#2685);
#2238=LINE('',#5438,#2686);
#2239=LINE('',#5441,#2687);
#2240=LINE('',#5442,#2688);
#2241=LINE('',#5444,#2689);
#2242=LINE('',#5447,#2690);
#2243=LINE('',#5448,#2691);
#2244=LINE('',#5450,#2692);
#2245=LINE('',#5451,#2693);
#2246=LINE('',#5453,#2694);
#2247=LINE('',#5454,#2695);
#2248=LINE('',#5456,#2696);
#2249=LINE('',#5461,#2697);
#2250=LINE('',#5465,#2698);
#2251=LINE('',#5470,#2699);
#2252=LINE('',#5474,#2700);
#2253=LINE('',#5476,#2701);
#2254=LINE('',#5478,#2702);
#2255=LINE('',#5480,#2703);
#2256=LINE('',#5482,#2704);
#2257=LINE('',#5484,#2705);
#2258=LINE('',#5490,#2706);
#2259=LINE('',#5494,#2707);
#2260=LINE('',#5498,#2708);
#2261=LINE('',#5500,#2709);
#2262=LINE('',#5502,#2710);
#2263=LINE('',#5504,#2711);
#2264=LINE('',#5506,#2712);
#2265=LINE('',#5508,#2713);
#2266=LINE('',#5510,#2714);
#2267=LINE('',#5512,#2715);
#2268=LINE('',#5514,#2716);
#2269=LINE('',#5516,#2717);
#2270=LINE('',#5518,#2718);
#2271=LINE('',#5520,#2719);
#2272=LINE('',#5522,#2720);
#2273=LINE('',#5524,#2721);
#2274=LINE('',#5526,#2722);
#2275=LINE('',#5528,#2723);
#2276=LINE('',#5530,#2724);
#2277=LINE('',#5532,#2725);
#2278=LINE('',#5534,#2726);
#2279=LINE('',#5542,#2727);
#2280=LINE('',#5546,#2728);
#2281=LINE('',#5548,#2729);
#2282=LINE('',#5550,#2730);
#2283=LINE('',#5552,#2731);
#2284=LINE('',#5554,#2732);
#2285=LINE('',#5556,#2733);
#2286=LINE('',#5562,#2734);
#2287=LINE('',#5566,#2735);
#2288=LINE('',#5570,#2736);
#2289=LINE('',#5572,#2737);
#2290=LINE('',#5574,#2738);
#2291=LINE('',#5576,#2739);
#2292=LINE('',#5578,#2740);
#2293=LINE('',#5580,#2741);
#2294=LINE('',#5582,#2742);
#2295=LINE('',#5584,#2743);
#2296=LINE('',#5586,#2744);
#2297=LINE('',#5588,#2745);
#2298=LINE('',#5590,#2746);
#2299=LINE('',#5592,#2747);
#2300=LINE('',#5594,#2748);
#2301=LINE('',#5599,#2749);
#2302=LINE('',#5603,#2750);
#2303=LINE('',#5608,#2751);
#2304=LINE('',#5612,#2752);
#2305=LINE('',#5614,#2753);
#2306=LINE('',#5616,#2754);
#2307=LINE('',#5618,#2755);
#2308=LINE('',#5620,#2756);
#2309=LINE('',#5622,#2757);
#2310=LINE('',#5628,#2758);
#2311=LINE('',#5632,#2759);
#2312=LINE('',#5636,#2760);
#2313=LINE('',#5638,#2761);
#2314=LINE('',#5640,#2762);
#2315=LINE('',#5642,#2763);
#2316=LINE('',#5644,#2764);
#2317=LINE('',#5646,#2765);
#2318=LINE('',#5648,#2766);
#2319=LINE('',#5650,#2767);
#2320=LINE('',#5652,#2768);
#2321=LINE('',#5654,#2769);
#2322=LINE('',#5656,#2770);
#2323=LINE('',#5658,#2771);
#2324=LINE('',#5660,#2772);
#2325=LINE('',#5662,#2773);
#2326=LINE('',#5664,#2774);
#2327=LINE('',#5666,#2775);
#2328=LINE('',#5668,#2776);
#2329=LINE('',#5670,#2777);
#2330=LINE('',#5672,#2778);
#2331=LINE('',#5680,#2779);
#2332=LINE('',#5684,#2780);
#2333=LINE('',#5686,#2781);
#2334=LINE('',#5688,#2782);
#2335=LINE('',#5690,#2783);
#2336=LINE('',#5692,#2784);
#2337=LINE('',#5694,#2785);
#2338=LINE('',#5700,#2786);
#2339=LINE('',#5704,#2787);
#2340=LINE('',#5708,#2788);
#2341=LINE('',#5710,#2789);
#2342=LINE('',#5712,#2790);
#2343=LINE('',#5714,#2791);
#2344=LINE('',#5716,#2792);
#2345=LINE('',#5718,#2793);
#2346=LINE('',#5720,#2794);
#2347=LINE('',#5722,#2795);
#2348=LINE('',#5724,#2796);
#2349=LINE('',#5726,#2797);
#2350=LINE('',#5728,#2798);
#2351=LINE('',#5730,#2799);
#2352=LINE('',#5732,#2800);
#2353=LINE('',#5733,#2801);
#2354=LINE('',#5734,#2802);
#2355=LINE('',#5735,#2803);
#2356=LINE('',#5736,#2804);
#2357=LINE('',#5737,#2805);
#2358=LINE('',#5738,#2806);
#2359=LINE('',#5739,#2807);
#2360=VECTOR('',#3836,39.3700787401575);
#2361=VECTOR('',#3837,39.3700787401575);
#2362=VECTOR('',#3838,39.3700787401575);
#2363=VECTOR('',#3839,39.3700787401575);
#2364=VECTOR('',#3840,39.3700787401575);
#2365=VECTOR('',#3841,39.3700787401575);
#2366=VECTOR('',#3842,39.3700787401575);
#2367=VECTOR('',#3843,39.3700787401575);
#2368=VECTOR('',#3844,39.3700787401575);
#2369=VECTOR('',#3845,39.3700787401575);
#2370=VECTOR('',#3846,39.3700787401575);
#2371=VECTOR('',#3847,39.3700787401575);
#2372=VECTOR('',#3850,39.3700787401575);
#2373=VECTOR('',#3851,39.3700787401575);
#2374=VECTOR('',#3852,39.3700787401575);
#2375=VECTOR('',#3853,39.3700787401575);
#2376=VECTOR('',#3854,39.3700787401575);
#2377=VECTOR('',#3855,39.3700787401575);
#2378=VECTOR('',#3856,39.3700787401575);
#2379=VECTOR('',#3857,39.3700787401575);
#2380=VECTOR('',#3858,39.3700787401575);
#2381=VECTOR('',#3859,39.3700787401575);
#2382=VECTOR('',#3860,39.3700787401575);
#2383=VECTOR('',#3861,39.3700787401575);
#2384=VECTOR('',#3864,39.3700787401575);
#2385=VECTOR('',#3865,39.3700787401575);
#2386=VECTOR('',#3866,39.3700787401575);
#2387=VECTOR('',#3869,39.3700787401575);
#2388=VECTOR('',#3870,39.3700787401575);
#2389=VECTOR('',#3871,39.3700787401575);
#2390=VECTOR('',#3874,39.3700787401575);
#2391=VECTOR('',#3875,39.3700787401575);
#2392=VECTOR('',#3876,39.3700787401575);
#2393=VECTOR('',#3879,39.3700787401575);
#2394=VECTOR('',#3880,39.3700787401575);
#2395=VECTOR('',#3881,39.3700787401575);
#2396=VECTOR('',#3886,39.3700787401575);
#2397=VECTOR('',#3887,39.3700787401575);
#2398=VECTOR('',#3888,39.3700787401575);
#2399=VECTOR('',#3891,39.3700787401575);
#2400=VECTOR('',#3892,39.3700787401575);
#2401=VECTOR('',#3893,39.3700787401575);
#2402=VECTOR('',#3894,39.3700787401575);
#2403=VECTOR('',#3895,39.3700787401575);
#2404=VECTOR('',#3896,39.3700787401575);
#2405=VECTOR('',#3897,39.3700787401575);
#2406=VECTOR('',#3898,39.3700787401575);
#2407=VECTOR('',#3899,39.3700787401575);
#2408=VECTOR('',#3900,39.3700787401575);
#2409=VECTOR('',#3901,39.3700787401575);
#2410=VECTOR('',#3902,39.3700787401575);
#2411=VECTOR('',#3903,39.3700787401575);
#2412=VECTOR('',#3904,39.3700787401575);
#2413=VECTOR('',#3905,39.3700787401575);
#2414=VECTOR('',#3906,39.3700787401575);
#2415=VECTOR('',#3907,39.3700787401575);
#2416=VECTOR('',#3908,39.3700787401575);
#2417=VECTOR('',#3909,39.3700787401575);
#2418=VECTOR('',#3910,39.3700787401575);
#2419=VECTOR('',#3913,39.3700787401575);
#2420=VECTOR('',#3914,39.3700787401575);
#2421=VECTOR('',#3915,39.3700787401575);
#2422=VECTOR('',#3916,39.3700787401575);
#2423=VECTOR('',#3917,39.3700787401575);
#2424=VECTOR('',#3918,39.3700787401575);
#2425=VECTOR('',#3919,39.3700787401575);
#2426=VECTOR('',#3920,39.3700787401575);
#2427=VECTOR('',#3921,39.3700787401575);
#2428=VECTOR('',#3922,39.3700787401575);
#2429=VECTOR('',#3923,39.3700787401575);
#2430=VECTOR('',#3924,39.3700787401575);
#2431=VECTOR('',#3925,39.3700787401575);
#2432=VECTOR('',#3926,39.3700787401575);
#2433=VECTOR('',#3927,39.3700787401575);
#2434=VECTOR('',#3928,39.3700787401575);
#2435=VECTOR('',#3929,39.3700787401575);
#2436=VECTOR('',#3930,39.3700787401575);
#2437=VECTOR('',#3931,39.3700787401575);
#2438=VECTOR('',#3936,39.3700787401575);
#2439=VECTOR('',#3937,39.3700787401575);
#2440=VECTOR('',#3938,39.3700787401575);
#2441=VECTOR('',#3939,39.3700787401575);
#2442=VECTOR('',#3940,39.3700787401575);
#2443=VECTOR('',#3941,39.3700787401575);
#2444=VECTOR('',#3942,39.3700787401575);
#2445=VECTOR('',#3947,39.3700787401575);
#2446=VECTOR('',#3948,39.3700787401575);
#2447=VECTOR('',#3949,39.3700787401575);
#2448=VECTOR('',#3950,39.3700787401575);
#2449=VECTOR('',#3951,39.3700787401575);
#2450=VECTOR('',#3952,39.3700787401575);
#2451=VECTOR('',#3953,39.3700787401575);
#2452=VECTOR('',#3956,39.3700787401575);
#2453=VECTOR('',#3957,39.3700787401575);
#2454=VECTOR('',#3958,39.3700787401575);
#2455=VECTOR('',#3959,39.3700787401575);
#2456=VECTOR('',#3962,39.3700787401575);
#2457=VECTOR('',#3963,39.3700787401575);
#2458=VECTOR('',#3964,39.3700787401575);
#2459=VECTOR('',#3965,39.3700787401575);
#2460=VECTOR('',#3968,39.3700787401575);
#2461=VECTOR('',#3969,39.3700787401575);
#2462=VECTOR('',#3970,39.3700787401575);
#2463=VECTOR('',#3971,39.3700787401575);
#2464=VECTOR('',#3974,39.3700787401575);
#2465=VECTOR('',#3975,39.3700787401575);
#2466=VECTOR('',#3976,39.3700787401575);
#2467=VECTOR('',#3977,39.3700787401575);
#2468=VECTOR('',#3980,39.3700787401575);
#2469=VECTOR('',#3983,39.3700787401575);
#2470=VECTOR('',#3986,39.3700787401575);
#2471=VECTOR('',#3987,39.3700787401575);
#2472=VECTOR('',#3990,39.3700787401575);
#2473=VECTOR('',#3991,39.3700787401575);
#2474=VECTOR('',#3992,39.3700787401575);
#2475=VECTOR('',#3995,39.3700787401575);
#2476=VECTOR('',#3996,39.3700787401575);
#2477=VECTOR('',#3999,39.3700787401575);
#2478=VECTOR('',#4000,39.3700787401575);
#2479=VECTOR('',#4001,39.3700787401575);
#2480=VECTOR('',#4004,39.3700787401575);
#2481=VECTOR('',#4005,39.3700787401575);
#2482=VECTOR('',#4008,39.3700787401575);
#2483=VECTOR('',#4009,39.3700787401575);
#2484=VECTOR('',#4010,39.3700787401575);
#2485=VECTOR('',#4013,39.3700787401575);
#2486=VECTOR('',#4014,39.3700787401575);
#2487=VECTOR('',#4017,39.3700787401575);
#2488=VECTOR('',#4018,39.3700787401575);
#2489=VECTOR('',#4019,39.3700787401575);
#2490=VECTOR('',#4022,39.3700787401575);
#2491=VECTOR('',#4023,39.3700787401575);
#2492=VECTOR('',#4026,39.3700787401575);
#2493=VECTOR('',#4029,39.3700787401575);
#2494=VECTOR('',#4030,39.3700787401575);
#2495=VECTOR('',#4033,39.3700787401575);
#2496=VECTOR('',#4036,39.3700787401575);
#2497=VECTOR('',#4039,39.3700787401575);
#2498=VECTOR('',#4042,39.3700787401575);
#2499=VECTOR('',#4043,39.3700787401575);
#2500=VECTOR('',#4044,39.3700787401575);
#2501=VECTOR('',#4045,39.3700787401575);
#2502=VECTOR('',#4046,39.3700787401575);
#2503=VECTOR('',#4047,39.3700787401575);
#2504=VECTOR('',#4048,39.3700787401575);
#2505=VECTOR('',#4049,39.3700787401575);
#2506=VECTOR('',#4050,39.3700787401575);
#2507=VECTOR('',#4051,39.3700787401575);
#2508=VECTOR('',#4054,39.3700787401575);
#2509=VECTOR('',#4055,39.3700787401575);
#2510=VECTOR('',#4056,39.3700787401575);
#2511=VECTOR('',#4057,39.3700787401575);
#2512=VECTOR('',#4058,39.3700787401575);
#2513=VECTOR('',#4059,39.3700787401575);
#2514=VECTOR('',#4060,39.3700787401575);
#2515=VECTOR('',#4061,39.3700787401575);
#2516=VECTOR('',#4062,39.3700787401575);
#2517=VECTOR('',#4063,39.3700787401575);
#2518=VECTOR('',#4066,39.3700787401575);
#2519=VECTOR('',#4067,39.3700787401575);
#2520=VECTOR('',#4068,39.3700787401575);
#2521=VECTOR('',#4069,39.3700787401575);
#2522=VECTOR('',#4070,39.3700787401575);
#2523=VECTOR('',#4071,39.3700787401575);
#2524=VECTOR('',#4072,39.3700787401575);
#2525=VECTOR('',#4073,39.3700787401575);
#2526=VECTOR('',#4074,39.3700787401575);
#2527=VECTOR('',#4075,39.3700787401575);
#2528=VECTOR('',#4078,39.3700787401575);
#2529=VECTOR('',#4079,39.3700787401575);
#2530=VECTOR('',#4080,39.3700787401575);
#2531=VECTOR('',#4081,39.3700787401575);
#2532=VECTOR('',#4082,39.3700787401575);
#2533=VECTOR('',#4083,39.3700787401575);
#2534=VECTOR('',#4084,39.3700787401575);
#2535=VECTOR('',#4085,39.3700787401575);
#2536=VECTOR('',#4086,39.3700787401575);
#2537=VECTOR('',#4087,39.3700787401575);
#2538=VECTOR('',#4092,39.3700787401575);
#2539=VECTOR('',#4093,39.3700787401575);
#2540=VECTOR('',#4096,39.3700787401575);
#2541=VECTOR('',#4099,39.3700787401575);
#2542=VECTOR('',#4102,39.3700787401575);
#2543=VECTOR('',#4103,39.3700787401575);
#2544=VECTOR('',#4106,39.3700787401575);
#2545=VECTOR('',#4109,39.3700787401575);
#2546=VECTOR('',#4112,39.3700787401575);
#2547=VECTOR('',#4113,39.3700787401575);
#2548=VECTOR('',#4116,39.3700787401575);
#2549=VECTOR('',#4119,39.3700787401575);
#2550=VECTOR('',#4122,39.3700787401575);
#2551=VECTOR('',#4123,39.3700787401575);
#2552=VECTOR('',#4126,39.3700787401575);
#2553=VECTOR('',#4129,39.3700787401575);
#2554=VECTOR('',#4142,39.3700787401575);
#2555=VECTOR('',#4143,39.3700787401575);
#2556=VECTOR('',#4146,39.3700787401575);
#2557=VECTOR('',#4147,39.3700787401575);
#2558=VECTOR('',#4150,39.3700787401575);
#2559=VECTOR('',#4151,39.3700787401575);
#2560=VECTOR('',#4154,39.3700787401575);
#2561=VECTOR('',#4155,39.3700787401575);
#2562=VECTOR('',#4178,39.3700787401575);
#2563=VECTOR('',#4179,39.3700787401575);
#2564=VECTOR('',#4184,39.3700787401575);
#2565=VECTOR('',#4187,39.3700787401575);
#2566=VECTOR('',#4190,39.3700787401575);
#2567=VECTOR('',#4193,39.3700787401575);
#2568=VECTOR('',#4196,39.3700787401575);
#2569=VECTOR('',#4197,39.3700787401575);
#2570=VECTOR('',#4198,39.3700787401575);
#2571=VECTOR('',#4201,39.3700787401575);
#2572=VECTOR('',#4202,39.3700787401575);
#2573=VECTOR('',#4203,39.3700787401575);
#2574=VECTOR('',#4206,39.3700787401575);
#2575=VECTOR('',#4207,39.3700787401575);
#2576=VECTOR('',#4210,39.3700787401575);
#2577=VECTOR('',#4211,39.3700787401575);
#2578=VECTOR('',#4212,39.3700787401575);
#2579=VECTOR('',#4215,39.3700787401575);
#2580=VECTOR('',#4216,39.3700787401575);
#2581=VECTOR('',#4217,39.3700787401575);
#2582=VECTOR('',#4220,39.3700787401575);
#2583=VECTOR('',#4221,39.3700787401575);
#2584=VECTOR('',#4226,39.3700787401575);
#2585=VECTOR('',#4229,39.3700787401575);
#2586=VECTOR('',#4232,39.3700787401575);
#2587=VECTOR('',#4233,39.3700787401575);
#2588=VECTOR('',#4234,39.3700787401575);
#2589=VECTOR('',#4237,39.3700787401575);
#2590=VECTOR('',#4238,39.3700787401575);
#2591=VECTOR('',#4239,39.3700787401575);
#2592=VECTOR('',#4242,39.3700787401575);
#2593=VECTOR('',#4243,39.3700787401575);
#2594=VECTOR('',#4246,39.3700787401575);
#2595=VECTOR('',#4247,39.3700787401575);
#2596=VECTOR('',#4250,39.3700787401575);
#2597=VECTOR('',#4251,39.3700787401575);
#2598=VECTOR('',#4254,39.3700787401575);
#2599=VECTOR('',#4255,39.3700787401575);
#2600=VECTOR('',#4286,39.3700787401575);
#2601=VECTOR('',#4287,39.3700787401575);
#2602=VECTOR('',#4288,39.3700787401575);
#2603=VECTOR('',#4289,39.3700787401575);
#2604=VECTOR('',#4292,39.3700787401575);
#2605=VECTOR('',#4293,39.3700787401575);
#2606=VECTOR('',#4294,39.3700787401575);
#2607=VECTOR('',#4297,39.3700787401575);
#2608=VECTOR('',#4298,39.3700787401575);
#2609=VECTOR('',#4299,39.3700787401575);
#2610=VECTOR('',#4302,39.3700787401575);
#2611=VECTOR('',#4303,39.3700787401575);
#2612=VECTOR('',#4304,39.3700787401575);
#2613=VECTOR('',#4305,39.3700787401575);
#2614=VECTOR('',#4308,39.3700787401575);
#2615=VECTOR('',#4309,39.3700787401575);
#2616=VECTOR('',#4310,39.3700787401575);
#2617=VECTOR('',#4313,39.3700787401575);
#2618=VECTOR('',#4314,39.3700787401575);
#2619=VECTOR('',#4315,39.3700787401575);
#2620=VECTOR('',#4318,39.3700787401575);
#2621=VECTOR('',#4319,39.3700787401575);
#2622=VECTOR('',#4322,39.3700787401575);
#2623=VECTOR('',#4323,39.3700787401575);
#2624=VECTOR('',#4326,39.3700787401575);
#2625=VECTOR('',#4327,39.3700787401575);
#2626=VECTOR('',#4328,39.3700787401575);
#2627=VECTOR('',#4329,39.3700787401575);
#2628=VECTOR('',#4332,39.3700787401575);
#2629=VECTOR('',#4333,39.3700787401575);
#2630=VECTOR('',#4334,39.3700787401575);
#2631=VECTOR('',#4335,39.3700787401575);
#2632=VECTOR('',#4338,39.3700787401575);
#2633=VECTOR('',#4339,39.3700787401575);
#2634=VECTOR('',#4340,39.3700787401575);
#2635=VECTOR('',#4343,39.3700787401575);
#2636=VECTOR('',#4344,39.3700787401575);
#2637=VECTOR('',#4345,39.3700787401575);
#2638=VECTOR('',#4348,39.3700787401575);
#2639=VECTOR('',#4349,39.3700787401575);
#2640=VECTOR('',#4350,39.3700787401575);
#2641=VECTOR('',#4353,39.3700787401575);
#2642=VECTOR('',#4354,39.3700787401575);
#2643=VECTOR('',#4355,39.3700787401575);
#2644=VECTOR('',#4358,39.3700787401575);
#2645=VECTOR('',#4359,39.3700787401575);
#2646=VECTOR('',#4360,39.3700787401575);
#2647=VECTOR('',#4361,39.3700787401575);
#2648=VECTOR('',#4364,39.3700787401575);
#2649=VECTOR('',#4365,39.3700787401575);
#2650=VECTOR('',#4366,39.3700787401575);
#2651=VECTOR('',#4367,39.3700787401575);
#2652=VECTOR('',#4370,39.3700787401575);
#2653=VECTOR('',#4371,39.3700787401575);
#2654=VECTOR('',#4372,39.3700787401575);
#2655=VECTOR('',#4375,39.3700787401575);
#2656=VECTOR('',#4376,39.3700787401575);
#2657=VECTOR('',#4377,39.3700787401575);
#2658=VECTOR('',#4380,39.3700787401575);
#2659=VECTOR('',#4381,39.3700787401575);
#2660=VECTOR('',#4382,39.3700787401575);
#2661=VECTOR('',#4385,39.3700787401575);
#2662=VECTOR('',#4386,39.3700787401575);
#2663=VECTOR('',#4387,39.3700787401575);
#2664=VECTOR('',#4390,39.3700787401575);
#2665=VECTOR('',#4393,39.3700787401575);
#2666=VECTOR('',#4396,39.3700787401575);
#2667=VECTOR('',#4397,39.3700787401575);
#2668=VECTOR('',#4398,39.3700787401575);
#2669=VECTOR('',#4399,39.3700787401575);
#2670=VECTOR('',#4400,39.3700787401575);
#2671=VECTOR('',#4401,39.3700787401575);
#2672=VECTOR('',#4420,39.3700787401575);
#2673=VECTOR('',#4421,39.3700787401575);
#2674=VECTOR('',#4422,39.3700787401575);
#2675=VECTOR('',#4423,39.3700787401575);
#2676=VECTOR('',#4426,39.3700787401575);
#2677=VECTOR('',#4427,39.3700787401575);
#2678=VECTOR('',#4428,39.3700787401575);
#2679=VECTOR('',#4431,39.3700787401575);
#2680=VECTOR('',#4432,39.3700787401575);
#2681=VECTOR('',#4433,39.3700787401575);
#2682=VECTOR('',#4436,39.3700787401575);
#2683=VECTOR('',#4437,39.3700787401575);
#2684=VECTOR('',#4438,39.3700787401575);
#2685=VECTOR('',#4439,39.3700787401575);
#2686=VECTOR('',#4442,39.3700787401575);
#2687=VECTOR('',#4443,39.3700787401575);
#2688=VECTOR('',#4444,39.3700787401575);
#2689=VECTOR('',#4447,39.3700787401575);
#2690=VECTOR('',#4448,39.3700787401575);
#2691=VECTOR('',#4449,39.3700787401575);
#2692=VECTOR('',#4452,39.3700787401575);
#2693=VECTOR('',#4453,39.3700787401575);
#2694=VECTOR('',#4456,39.3700787401575);
#2695=VECTOR('',#4457,39.3700787401575);
#2696=VECTOR('',#4460,39.3700787401575);
#2697=VECTOR('',#4463,39.3700787401575);
#2698=VECTOR('',#4468,39.3700787401575);
#2699=VECTOR('',#4471,39.3700787401575);
#2700=VECTOR('',#4476,39.3700787401575);
#2701=VECTOR('',#4477,39.3700787401575);
#2702=VECTOR('',#4478,39.3700787401575);
#2703=VECTOR('',#4481,39.3700787401575);
#2704=VECTOR('',#4482,39.3700787401575);
#2705=VECTOR('',#4483,39.3700787401575);
#2706=VECTOR('',#4490,39.3700787401575);
#2707=VECTOR('',#4495,39.3700787401575);
#2708=VECTOR('',#4500,39.3700787401575);
#2709=VECTOR('',#4501,39.3700787401575);
#2710=VECTOR('',#4502,39.3700787401575);
#2711=VECTOR('',#4505,39.3700787401575);
#2712=VECTOR('',#4506,39.3700787401575);
#2713=VECTOR('',#4507,39.3700787401575);
#2714=VECTOR('',#4510,39.3700787401575);
#2715=VECTOR('',#4511,39.3700787401575);
#2716=VECTOR('',#4512,39.3700787401575);
#2717=VECTOR('',#4515,39.3700787401575);
#2718=VECTOR('',#4516,39.3700787401575);
#2719=VECTOR('',#4517,39.3700787401575);
#2720=VECTOR('',#4520,39.3700787401575);
#2721=VECTOR('',#4521,39.3700787401575);
#2722=VECTOR('',#4522,39.3700787401575);
#2723=VECTOR('',#4525,39.3700787401575);
#2724=VECTOR('',#4526,39.3700787401575);
#2725=VECTOR('',#4527,39.3700787401575);
#2726=VECTOR('',#4530,39.3700787401575);
#2727=VECTOR('',#4539,39.3700787401575);
#2728=VECTOR('',#4544,39.3700787401575);
#2729=VECTOR('',#4545,39.3700787401575);
#2730=VECTOR('',#4546,39.3700787401575);
#2731=VECTOR('',#4549,39.3700787401575);
#2732=VECTOR('',#4550,39.3700787401575);
#2733=VECTOR('',#4551,39.3700787401575);
#2734=VECTOR('',#4558,39.3700787401575);
#2735=VECTOR('',#4563,39.3700787401575);
#2736=VECTOR('',#4568,39.3700787401575);
#2737=VECTOR('',#4569,39.3700787401575);
#2738=VECTOR('',#4570,39.3700787401575);
#2739=VECTOR('',#4573,39.3700787401575);
#2740=VECTOR('',#4574,39.3700787401575);
#2741=VECTOR('',#4575,39.3700787401575);
#2742=VECTOR('',#4578,39.3700787401575);
#2743=VECTOR('',#4579,39.3700787401575);
#2744=VECTOR('',#4580,39.3700787401575);
#2745=VECTOR('',#4583,39.3700787401575);
#2746=VECTOR('',#4584,39.3700787401575);
#2747=VECTOR('',#4585,39.3700787401575);
#2748=VECTOR('',#4588,39.3700787401575);
#2749=VECTOR('',#4591,39.3700787401575);
#2750=VECTOR('',#4596,39.3700787401575);
#2751=VECTOR('',#4599,39.3700787401575);
#2752=VECTOR('',#4604,39.3700787401575);
#2753=VECTOR('',#4605,39.3700787401575);
#2754=VECTOR('',#4606,39.3700787401575);
#2755=VECTOR('',#4609,39.3700787401575);
#2756=VECTOR('',#4610,39.3700787401575);
#2757=VECTOR('',#4611,39.3700787401575);
#2758=VECTOR('',#4618,39.3700787401575);
#2759=VECTOR('',#4623,39.3700787401575);
#2760=VECTOR('',#4628,39.3700787401575);
#2761=VECTOR('',#4629,39.3700787401575);
#2762=VECTOR('',#4630,39.3700787401575);
#2763=VECTOR('',#4633,39.3700787401575);
#2764=VECTOR('',#4634,39.3700787401575);
#2765=VECTOR('',#4635,39.3700787401575);
#2766=VECTOR('',#4638,39.3700787401575);
#2767=VECTOR('',#4639,39.3700787401575);
#2768=VECTOR('',#4640,39.3700787401575);
#2769=VECTOR('',#4643,39.3700787401575);
#2770=VECTOR('',#4644,39.3700787401575);
#2771=VECTOR('',#4645,39.3700787401575);
#2772=VECTOR('',#4648,39.3700787401575);
#2773=VECTOR('',#4649,39.3700787401575);
#2774=VECTOR('',#4650,39.3700787401575);
#2775=VECTOR('',#4653,39.3700787401575);
#2776=VECTOR('',#4654,39.3700787401575);
#2777=VECTOR('',#4655,39.3700787401575);
#2778=VECTOR('',#4658,39.3700787401575);
#2779=VECTOR('',#4667,39.3700787401575);
#2780=VECTOR('',#4672,39.3700787401575);
#2781=VECTOR('',#4673,39.3700787401575);
#2782=VECTOR('',#4674,39.3700787401575);
#2783=VECTOR('',#4677,39.3700787401575);
#2784=VECTOR('',#4678,39.3700787401575);
#2785=VECTOR('',#4679,39.3700787401575);
#2786=VECTOR('',#4686,39.3700787401575);
#2787=VECTOR('',#4691,39.3700787401575);
#2788=VECTOR('',#4696,39.3700787401575);
#2789=VECTOR('',#4697,39.3700787401575);
#2790=VECTOR('',#4698,39.3700787401575);
#2791=VECTOR('',#4701,39.3700787401575);
#2792=VECTOR('',#4702,39.3700787401575);
#2793=VECTOR('',#4703,39.3700787401575);
#2794=VECTOR('',#4706,39.3700787401575);
#2795=VECTOR('',#4707,39.3700787401575);
#2796=VECTOR('',#4708,39.3700787401575);
#2797=VECTOR('',#4711,39.3700787401575);
#2798=VECTOR('',#4712,39.3700787401575);
#2799=VECTOR('',#4713,39.3700787401575);
#2800=VECTOR('',#4716,39.3700787401575);
#2801=VECTOR('',#4717,39.3700787401575);
#2802=VECTOR('',#4718,39.3700787401575);
#2803=VECTOR('',#4719,39.3700787401575);
#2804=VECTOR('',#4720,39.3700787401575);
#2805=VECTOR('',#4721,39.3700787401575);
#2806=VECTOR('',#4722,39.3700787401575);
#2807=VECTOR('',#4723,39.3700787401575);
#2808=EDGE_LOOP('',(#104,#105,#106,#107,#108,#109,#110,#111,#112,#113,#114,
#115));
#2809=EDGE_LOOP('',(#116,#117,#118,#119,#120,#121,#122,#123,#124,#125,#126,
#127));
#2810=EDGE_LOOP('',(#128,#129,#130,#131));
#2811=EDGE_LOOP('',(#132,#133,#134,#135));
#2812=EDGE_LOOP('',(#136,#137,#138,#139));
#2813=EDGE_LOOP('',(#140,#141,#142,#143));
#2814=EDGE_LOOP('',(#144,#145,#146,#147,#148,#149));
#2815=EDGE_LOOP('',(#150,#151,#152,#153,#154,#155,#156,#157));
#2816=EDGE_LOOP('',(#158,#159,#160,#161,#162,#163,#164,#165,#166,#167,#168,
#169));
#2817=EDGE_LOOP('',(#170,#171,#172,#173,#174,#175,#176,#177));
#2818=EDGE_LOOP('',(#178,#179,#180,#181,#182,#183,#184,#185,#186,#187,#188,
#189));
#2819=EDGE_LOOP('',(#190,#191,#192,#193,#194,#195,#196,#197));
#2820=EDGE_LOOP('',(#198,#199,#200,#201,#202,#203,#204,#205));
#2821=EDGE_LOOP('',(#206,#207,#208,#209));
#2822=EDGE_LOOP('',(#210,#211,#212,#213));
#2823=EDGE_LOOP('',(#214,#215,#216,#217));
#2824=EDGE_LOOP('',(#218,#219,#220,#221));
#2825=EDGE_LOOP('',(#222,#223,#224,#225,#226,#227));
#2826=EDGE_LOOP('',(#228,#229,#230,#231,#232));
#2827=EDGE_LOOP('',(#233,#234,#235,#236,#237,#238));
#2828=EDGE_LOOP('',(#239,#240,#241,#242,#243));
#2829=EDGE_LOOP('',(#244,#245,#246,#247,#248,#249));
#2830=EDGE_LOOP('',(#250,#251,#252,#253,#254));
#2831=EDGE_LOOP('',(#255,#256,#257,#258,#259,#260));
#2832=EDGE_LOOP('',(#261,#262,#263,#264,#265));
#2833=EDGE_LOOP('',(#266,#267,#268,#269,#270,#271));
#2834=EDGE_LOOP('',(#272,#273,#274,#275));
#2835=EDGE_LOOP('',(#276,#277,#278,#279));
#2836=EDGE_LOOP('',(#280,#281,#282,#283));
#2837=EDGE_LOOP('',(#284,#285,#286,#287));
#2838=EDGE_LOOP('',(#288,#289,#290,#291));
#2839=EDGE_LOOP('',(#292,#293,#294,#295));
#2840=EDGE_LOOP('',(#296,#297,#298,#299));
#2841=EDGE_LOOP('',(#300,#301,#302,#303));
#2842=EDGE_LOOP('',(#304,#305,#306,#307));
#2843=EDGE_LOOP('',(#308,#309,#310,#311));
#2844=EDGE_LOOP('',(#312,#313,#314,#315));
#2845=EDGE_LOOP('',(#316,#317,#318,#319));
#2846=EDGE_LOOP('',(#320,#321,#322,#323));
#2847=EDGE_LOOP('',(#324,#325,#326,#327));
#2848=EDGE_LOOP('',(#328,#329,#330,#331));
#2849=EDGE_LOOP('',(#332,#333,#334,#335));
#2850=EDGE_LOOP('',(#336,#337,#338,#339));
#2851=EDGE_LOOP('',(#340,#341,#342,#343));
#2852=EDGE_LOOP('',(#344,#345,#346,#347));
#2853=EDGE_LOOP('',(#348,#349,#350,#351));
#2854=EDGE_LOOP('',(#352,#353,#354,#355));
#2855=EDGE_LOOP('',(#356,#357,#358,#359));
#2856=EDGE_LOOP('',(#360,#361,#362,#363));
#2857=EDGE_LOOP('',(#364,#365,#366,#367));
#2858=EDGE_LOOP('',(#368,#369,#370,#371));
#2859=EDGE_LOOP('',(#372,#373,#374,#375));
#2860=EDGE_LOOP('',(#376,#377,#378,#379));
#2861=EDGE_LOOP('',(#380,#381,#382,#383));
#2862=EDGE_LOOP('',(#384,#385,#386,#387));
#2863=EDGE_LOOP('',(#388,#389,#390,#391));
#2864=EDGE_LOOP('',(#392,#393,#394,#395));
#2865=EDGE_LOOP('',(#396,#397,#398,#399));
#2866=EDGE_LOOP('',(#400,#401,#402,#403));
#2867=EDGE_LOOP('',(#404,#405,#406,#407));
#2868=EDGE_LOOP('',(#408,#409,#410,#411));
#2869=EDGE_LOOP('',(#412,#413,#414,#415));
#2870=EDGE_LOOP('',(#416,#417,#418,#419,#420,#421,#422,#423));
#2871=EDGE_LOOP('',(#424,#425,#426,#427,#428,#429,#430,#431));
#2872=EDGE_LOOP('',(#432,#433,#434,#435,#436,#437,#438,#439));
#2873=EDGE_LOOP('',(#440,#441,#442,#443,#444,#445,#446,#447));
#2874=EDGE_LOOP('',(#448,#449,#450,#451));
#2875=EDGE_LOOP('',(#452,#453,#454,#455));
#2876=EDGE_LOOP('',(#456,#457,#458));
#2877=EDGE_LOOP('',(#459,#460,#461));
#2878=EDGE_LOOP('',(#462,#463,#464));
#2879=EDGE_LOOP('',(#465,#466,#467));
#2880=EDGE_LOOP('',(#468,#469,#470));
#2881=EDGE_LOOP('',(#471,#472,#473));
#2882=EDGE_LOOP('',(#474,#475,#476));
#2883=EDGE_LOOP('',(#477,#478,#479));
#2884=EDGE_LOOP('',(#480,#481,#482,#483,#484,#485));
#2885=EDGE_LOOP('',(#486,#487,#488,#489));
#2886=EDGE_LOOP('',(#490,#491,#492,#493));
#2887=EDGE_LOOP('',(#494,#495,#496,#497,#498,#499));
#2888=EDGE_LOOP('',(#500,#501,#502,#503));
#2889=EDGE_LOOP('',(#504,#505,#506,#507,#508,#509));
#2890=EDGE_LOOP('',(#510,#511,#512,#513,#514,#515));
#2891=EDGE_LOOP('',(#516,#517,#518,#519));
#2892=EDGE_LOOP('',(#520,#521,#522,#523,#524,#525));
#2893=EDGE_LOOP('',(#526,#527,#528,#529,#530,#531,#532,#533));
#2894=EDGE_LOOP('',(#534,#535,#536,#537,#538,#539));
#2895=EDGE_LOOP('',(#540,#541,#542,#543));
#2896=EDGE_LOOP('',(#544,#545,#546,#547));
#2897=EDGE_LOOP('',(#548,#549,#550,#551,#552,#553));
#2898=EDGE_LOOP('',(#554,#555,#556,#557,#558,#559));
#2899=EDGE_LOOP('',(#560,#561,#562,#563,#564,#565));
#2900=EDGE_LOOP('',(#566,#567,#568,#569,#570,#571));
#2901=EDGE_LOOP('',(#572,#573,#574,#575));
#2902=EDGE_LOOP('',(#576,#577,#578,#579));
#2903=EDGE_LOOP('',(#580,#581,#582,#583,#584,#585,#586,#587));
#2904=EDGE_LOOP('',(#588,#589,#590,#591,#592,#593,#594,#595,#596,#597,#598,
#599,#600,#601,#602,#603));
#2905=EDGE_LOOP('',(#604));
#2906=EDGE_LOOP('',(#605,#606,#607,#608));
#2907=EDGE_LOOP('',(#609));
#2908=EDGE_LOOP('',(#610));
#2909=EDGE_LOOP('',(#611));
#2910=EDGE_LOOP('',(#612,#613,#614,#615));
#2911=EDGE_LOOP('',(#616,#617,#618,#619));
#2912=EDGE_LOOP('',(#620,#621,#622,#623));
#2913=EDGE_LOOP('',(#624,#625,#626,#627));
#2914=EDGE_LOOP('',(#628,#629,#630,#631));
#2915=EDGE_LOOP('',(#632,#633,#634,#635));
#2916=EDGE_LOOP('',(#636,#637,#638,#639));
#2917=EDGE_LOOP('',(#640,#641,#642,#643));
#2918=EDGE_LOOP('',(#644,#645,#646,#647));
#2919=EDGE_LOOP('',(#648,#649,#650,#651));
#2920=EDGE_LOOP('',(#652,#653,#654,#655));
#2921=EDGE_LOOP('',(#656,#657,#658,#659));
#2922=EDGE_LOOP('',(#660,#661,#662,#663));
#2923=EDGE_LOOP('',(#664,#665,#666,#667));
#2924=EDGE_LOOP('',(#668,#669,#670,#671));
#2925=EDGE_LOOP('',(#672,#673,#674,#675));
#2926=EDGE_LOOP('',(#676,#677,#678,#679));
#2927=EDGE_LOOP('',(#680,#681,#682,#683));
#2928=EDGE_LOOP('',(#684,#685,#686,#687));
#2929=EDGE_LOOP('',(#688,#689,#690,#691));
#2930=EDGE_LOOP('',(#692,#693,#694,#695));
#2931=EDGE_LOOP('',(#696,#697,#698,#699));
#2932=EDGE_LOOP('',(#700,#701,#702,#703));
#2933=EDGE_LOOP('',(#704,#705,#706,#707));
#2934=EDGE_LOOP('',(#708,#709,#710,#711));
#2935=EDGE_LOOP('',(#712,#713,#714,#715));
#2936=EDGE_LOOP('',(#716,#717,#718,#719));
#2937=EDGE_LOOP('',(#720,#721,#722,#723));
#2938=EDGE_LOOP('',(#724,#725,#726,#727));
#2939=EDGE_LOOP('',(#728,#729,#730,#731));
#2940=EDGE_LOOP('',(#732,#733,#734,#735));
#2941=EDGE_LOOP('',(#736,#737,#738,#739));
#2942=EDGE_LOOP('',(#740,#741,#742,#743));
#2943=EDGE_LOOP('',(#744,#745,#746,#747));
#2944=EDGE_LOOP('',(#748,#749,#750,#751));
#2945=EDGE_LOOP('',(#752,#753,#754,#755));
#2946=EDGE_LOOP('',(#756,#757,#758,#759));
#2947=EDGE_LOOP('',(#760,#761,#762,#763));
#2948=EDGE_LOOP('',(#764,#765,#766,#767));
#2949=EDGE_LOOP('',(#768,#769,#770,#771));
#2950=EDGE_LOOP('',(#772,#773,#774,#775));
#2951=EDGE_LOOP('',(#776,#777,#778,#779));
#2952=EDGE_LOOP('',(#780,#781,#782,#783));
#2953=EDGE_LOOP('',(#784,#785,#786,#787));
#2954=EDGE_LOOP('',(#788,#789,#790,#791));
#2955=EDGE_LOOP('',(#792,#793,#794,#795));
#2956=EDGE_LOOP('',(#796,#797,#798,#799));
#2957=EDGE_LOOP('',(#800,#801,#802,#803));
#2958=EDGE_LOOP('',(#804,#805,#806,#807));
#2959=EDGE_LOOP('',(#808,#809,#810,#811));
#2960=EDGE_LOOP('',(#812,#813,#814,#815));
#2961=EDGE_LOOP('',(#816,#817,#818,#819));
#2962=EDGE_LOOP('',(#820,#821,#822,#823));
#2963=EDGE_LOOP('',(#824,#825,#826,#827));
#2964=EDGE_LOOP('',(#828,#829,#830,#831));
#2965=EDGE_LOOP('',(#832,#833,#834,#835));
#2966=EDGE_LOOP('',(#836,#837,#838,#839));
#2967=EDGE_LOOP('',(#840,#841,#842,#843));
#2968=EDGE_LOOP('',(#844,#845,#846,#847));
#2969=EDGE_LOOP('',(#848,#849,#850,#851));
#2970=EDGE_LOOP('',(#852,#853,#854,#855));
#2971=EDGE_LOOP('',(#856,#857,#858,#859));
#2972=EDGE_LOOP('',(#860,#861,#862,#863));
#2973=EDGE_LOOP('',(#864,#865,#866,#867));
#2974=EDGE_LOOP('',(#868,#869,#870,#871));
#2975=EDGE_LOOP('',(#872,#873,#874,#875));
#2976=EDGE_LOOP('',(#876,#877,#878,#879));
#2977=EDGE_LOOP('',(#880,#881,#882,#883));
#2978=EDGE_LOOP('',(#884,#885,#886,#887));
#2979=EDGE_LOOP('',(#888,#889,#890,#891));
#2980=EDGE_LOOP('',(#892,#893,#894,#895));
#2981=EDGE_LOOP('',(#896,#897,#898,#899));
#2982=EDGE_LOOP('',(#900,#901,#902,#903));
#2983=EDGE_LOOP('',(#904,#905,#906,#907));
#2984=EDGE_LOOP('',(#908,#909,#910,#911));
#2985=EDGE_LOOP('',(#912,#913,#914,#915));
#2986=EDGE_LOOP('',(#916,#917,#918,#919));
#2987=EDGE_LOOP('',(#920,#921,#922,#923));
#2988=EDGE_LOOP('',(#924,#925,#926,#927));
#2989=EDGE_LOOP('',(#928,#929,#930,#931));
#2990=EDGE_LOOP('',(#932,#933,#934,#935));
#2991=EDGE_LOOP('',(#936,#937,#938,#939));
#2992=EDGE_LOOP('',(#940,#941,#942,#943));
#2993=EDGE_LOOP('',(#944,#945,#946,#947));
#2994=EDGE_LOOP('',(#948,#949,#950,#951));
#2995=EDGE_LOOP('',(#952,#953,#954,#955));
#2996=EDGE_LOOP('',(#956,#957,#958,#959));
#2997=EDGE_LOOP('',(#960,#961,#962,#963));
#2998=EDGE_LOOP('',(#964,#965,#966,#967));
#2999=EDGE_LOOP('',(#968,#969,#970,#971));
#3000=EDGE_LOOP('',(#972,#973,#974,#975));
#3001=EDGE_LOOP('',(#976,#977,#978,#979));
#3002=EDGE_LOOP('',(#980,#981,#982,#983));
#3003=EDGE_LOOP('',(#984,#985,#986,#987));
#3004=EDGE_LOOP('',(#988,#989,#990,#991,#992,#993,#994,#995,#996,#997,#998,
#999));
#3005=EDGE_LOOP('',(#1000,#1001,#1002,#1003,#1004,#1005,#1006,#1007,#1008,
#1009,#1010,#1011));
#3006=EDGE_LOOP('',(#1012,#1013,#1014,#1015,#1016,#1017,#1018,#1019,#1020,
#1021,#1022,#1023));
#3007=EDGE_LOOP('',(#1024,#1025,#1026,#1027,#1028,#1029,#1030,#1031,#1032,
#1033,#1034,#1035));
#3008=EDGE_LOOP('',(#1036,#1037,#1038,#1039,#1040,#1041,#1042,#1043,#1044,
#1045,#1046,#1047));
#3009=EDGE_LOOP('',(#1048,#1049,#1050,#1051,#1052,#1053,#1054,#1055,#1056,
#1057,#1058,#1059));
#3010=EDGE_LOOP('',(#1060,#1061,#1062,#1063,#1064,#1065,#1066,#1067,#1068,
#1069,#1070,#1071));
#3011=EDGE_LOOP('',(#1072,#1073,#1074,#1075,#1076,#1077,#1078,#1079,#1080,
#1081,#1082,#1083));
#3012=EDGE_LOOP('',(#1084,#1085,#1086,#1087));
#3013=EDGE_LOOP('',(#1088,#1089,#1090,#1091));
#3014=FACE_BOUND('',#2808,.T.);
#3015=FACE_BOUND('',#2809,.T.);
#3016=FACE_BOUND('',#2810,.T.);
#3017=FACE_BOUND('',#2811,.T.);
#3018=FACE_BOUND('',#2812,.T.);
#3019=FACE_BOUND('',#2813,.T.);
#3020=FACE_BOUND('',#2814,.T.);
#3021=FACE_BOUND('',#2815,.T.);
#3022=FACE_BOUND('',#2816,.T.);
#3023=FACE_BOUND('',#2817,.T.);
#3024=FACE_BOUND('',#2818,.T.);
#3025=FACE_BOUND('',#2819,.T.);
#3026=FACE_BOUND('',#2820,.T.);
#3027=FACE_BOUND('',#2821,.T.);
#3028=FACE_BOUND('',#2822,.T.);
#3029=FACE_BOUND('',#2823,.T.);
#3030=FACE_BOUND('',#2824,.T.);
#3031=FACE_BOUND('',#2825,.T.);
#3032=FACE_BOUND('',#2826,.T.);
#3033=FACE_BOUND('',#2827,.T.);
#3034=FACE_BOUND('',#2828,.T.);
#3035=FACE_BOUND('',#2829,.T.);
#3036=FACE_BOUND('',#2830,.T.);
#3037=FACE_BOUND('',#2831,.T.);
#3038=FACE_BOUND('',#2832,.T.);
#3039=FACE_BOUND('',#2833,.T.);
#3040=FACE_BOUND('',#2834,.T.);
#3041=FACE_BOUND('',#2835,.T.);
#3042=FACE_BOUND('',#2836,.T.);
#3043=FACE_BOUND('',#2837,.T.);
#3044=FACE_BOUND('',#2838,.T.);
#3045=FACE_BOUND('',#2839,.T.);
#3046=FACE_BOUND('',#2840,.T.);
#3047=FACE_BOUND('',#2841,.T.);
#3048=FACE_BOUND('',#2842,.T.);
#3049=FACE_BOUND('',#2843,.T.);
#3050=FACE_BOUND('',#2844,.T.);
#3051=FACE_BOUND('',#2845,.T.);
#3052=FACE_BOUND('',#2846,.T.);
#3053=FACE_BOUND('',#2847,.T.);
#3054=FACE_BOUND('',#2848,.T.);
#3055=FACE_BOUND('',#2849,.T.);
#3056=FACE_BOUND('',#2850,.T.);
#3057=FACE_BOUND('',#2851,.T.);
#3058=FACE_BOUND('',#2852,.T.);
#3059=FACE_BOUND('',#2853,.T.);
#3060=FACE_BOUND('',#2854,.T.);
#3061=FACE_BOUND('',#2855,.T.);
#3062=FACE_BOUND('',#2856,.T.);
#3063=FACE_BOUND('',#2857,.T.);
#3064=FACE_BOUND('',#2858,.T.);
#3065=FACE_BOUND('',#2859,.T.);
#3066=FACE_BOUND('',#2860,.T.);
#3067=FACE_BOUND('',#2861,.T.);
#3068=FACE_BOUND('',#2862,.T.);
#3069=FACE_BOUND('',#2863,.T.);
#3070=FACE_BOUND('',#2864,.T.);
#3071=FACE_BOUND('',#2865,.T.);
#3072=FACE_BOUND('',#2866,.T.);
#3073=FACE_BOUND('',#2867,.T.);
#3074=FACE_BOUND('',#2868,.T.);
#3075=FACE_BOUND('',#2869,.T.);
#3076=FACE_BOUND('',#2870,.T.);
#3077=FACE_BOUND('',#2871,.T.);
#3078=FACE_BOUND('',#2872,.T.);
#3079=FACE_BOUND('',#2873,.T.);
#3080=FACE_BOUND('',#2874,.T.);
#3081=FACE_BOUND('',#2875,.T.);
#3082=FACE_BOUND('',#2876,.T.);
#3083=FACE_BOUND('',#2877,.T.);
#3084=FACE_BOUND('',#2878,.T.);
#3085=FACE_BOUND('',#2879,.T.);
#3086=FACE_BOUND('',#2880,.T.);
#3087=FACE_BOUND('',#2881,.T.);
#3088=FACE_BOUND('',#2882,.T.);
#3089=FACE_BOUND('',#2883,.T.);
#3090=FACE_BOUND('',#2884,.T.);
#3091=FACE_BOUND('',#2885,.T.);
#3092=FACE_BOUND('',#2886,.T.);
#3093=FACE_BOUND('',#2887,.T.);
#3094=FACE_BOUND('',#2888,.T.);
#3095=FACE_BOUND('',#2889,.T.);
#3096=FACE_BOUND('',#2890,.T.);
#3097=FACE_BOUND('',#2891,.T.);
#3098=FACE_BOUND('',#2892,.T.);
#3099=FACE_BOUND('',#2893,.T.);
#3100=FACE_BOUND('',#2894,.T.);
#3101=FACE_BOUND('',#2895,.T.);
#3102=FACE_BOUND('',#2896,.T.);
#3103=FACE_BOUND('',#2897,.T.);
#3104=FACE_BOUND('',#2898,.T.);
#3105=FACE_BOUND('',#2899,.T.);
#3106=FACE_BOUND('',#2900,.T.);
#3107=FACE_BOUND('',#2901,.T.);
#3108=FACE_BOUND('',#2902,.T.);
#3109=FACE_BOUND('',#2903,.T.);
#3110=FACE_BOUND('',#2904,.T.);
#3111=FACE_BOUND('',#2905,.T.);
#3112=FACE_BOUND('',#2906,.T.);
#3113=FACE_BOUND('',#2907,.T.);
#3114=FACE_BOUND('',#2908,.T.);
#3115=FACE_BOUND('',#2909,.T.);
#3116=FACE_BOUND('',#2910,.T.);
#3117=FACE_BOUND('',#2911,.T.);
#3118=FACE_BOUND('',#2912,.T.);
#3119=FACE_BOUND('',#2913,.T.);
#3120=FACE_BOUND('',#2914,.T.);
#3121=FACE_BOUND('',#2915,.T.);
#3122=FACE_BOUND('',#2916,.T.);
#3123=FACE_BOUND('',#2917,.T.);
#3124=FACE_BOUND('',#2918,.T.);
#3125=FACE_BOUND('',#2919,.T.);
#3126=FACE_BOUND('',#2920,.T.);
#3127=FACE_BOUND('',#2921,.T.);
#3128=FACE_BOUND('',#2922,.T.);
#3129=FACE_BOUND('',#2923,.T.);
#3130=FACE_BOUND('',#2924,.T.);
#3131=FACE_BOUND('',#2925,.T.);
#3132=FACE_BOUND('',#2926,.T.);
#3133=FACE_BOUND('',#2927,.T.);
#3134=FACE_BOUND('',#2928,.T.);
#3135=FACE_BOUND('',#2929,.T.);
#3136=FACE_BOUND('',#2930,.T.);
#3137=FACE_BOUND('',#2931,.T.);
#3138=FACE_BOUND('',#2932,.T.);
#3139=FACE_BOUND('',#2933,.T.);
#3140=FACE_BOUND('',#2934,.T.);
#3141=FACE_BOUND('',#2935,.T.);
#3142=FACE_BOUND('',#2936,.T.);
#3143=FACE_BOUND('',#2937,.T.);
#3144=FACE_BOUND('',#2938,.T.);
#3145=FACE_BOUND('',#2939,.T.);
#3146=FACE_BOUND('',#2940,.T.);
#3147=FACE_BOUND('',#2941,.T.);
#3148=FACE_BOUND('',#2942,.T.);
#3149=FACE_BOUND('',#2943,.T.);
#3150=FACE_BOUND('',#2944,.T.);
#3151=FACE_BOUND('',#2945,.T.);
#3152=FACE_BOUND('',#2946,.T.);
#3153=FACE_BOUND('',#2947,.T.);
#3154=FACE_BOUND('',#2948,.T.);
#3155=FACE_BOUND('',#2949,.T.);
#3156=FACE_BOUND('',#2950,.T.);
#3157=FACE_BOUND('',#2951,.T.);
#3158=FACE_BOUND('',#2952,.T.);
#3159=FACE_BOUND('',#2953,.T.);
#3160=FACE_BOUND('',#2954,.T.);
#3161=FACE_BOUND('',#2955,.T.);
#3162=FACE_BOUND('',#2956,.T.);
#3163=FACE_BOUND('',#2957,.T.);
#3164=FACE_BOUND('',#2958,.T.);
#3165=FACE_BOUND('',#2959,.T.);
#3166=FACE_BOUND('',#2960,.T.);
#3167=FACE_BOUND('',#2961,.T.);
#3168=FACE_BOUND('',#2962,.T.);
#3169=FACE_BOUND('',#2963,.T.);
#3170=FACE_BOUND('',#2964,.T.);
#3171=FACE_BOUND('',#2965,.T.);
#3172=FACE_BOUND('',#2966,.T.);
#3173=FACE_BOUND('',#2967,.T.);
#3174=FACE_BOUND('',#2968,.T.);
#3175=FACE_BOUND('',#2969,.T.);
#3176=FACE_BOUND('',#2970,.T.);
#3177=FACE_BOUND('',#2971,.T.);
#3178=FACE_BOUND('',#2972,.T.);
#3179=FACE_BOUND('',#2973,.T.);
#3180=FACE_BOUND('',#2974,.T.);
#3181=FACE_BOUND('',#2975,.T.);
#3182=FACE_BOUND('',#2976,.T.);
#3183=FACE_BOUND('',#2977,.T.);
#3184=FACE_BOUND('',#2978,.T.);
#3185=FACE_BOUND('',#2979,.T.);
#3186=FACE_BOUND('',#2980,.T.);
#3187=FACE_BOUND('',#2981,.T.);
#3188=FACE_BOUND('',#2982,.T.);
#3189=FACE_BOUND('',#2983,.T.);
#3190=FACE_BOUND('',#2984,.T.);
#3191=FACE_BOUND('',#2985,.T.);
#3192=FACE_BOUND('',#2986,.T.);
#3193=FACE_BOUND('',#2987,.T.);
#3194=FACE_BOUND('',#2988,.T.);
#3195=FACE_BOUND('',#2989,.T.);
#3196=FACE_BOUND('',#2990,.T.);
#3197=FACE_BOUND('',#2991,.T.);
#3198=FACE_BOUND('',#2992,.T.);
#3199=FACE_BOUND('',#2993,.T.);
#3200=FACE_BOUND('',#2994,.T.);
#3201=FACE_BOUND('',#2995,.T.);
#3202=FACE_BOUND('',#2996,.T.);
#3203=FACE_BOUND('',#2997,.T.);
#3204=FACE_BOUND('',#2998,.T.);
#3205=FACE_BOUND('',#2999,.T.);
#3206=FACE_BOUND('',#3000,.T.);
#3207=FACE_BOUND('',#3001,.T.);
#3208=FACE_BOUND('',#3002,.T.);
#3209=FACE_BOUND('',#3003,.T.);
#3210=FACE_BOUND('',#3004,.T.);
#3211=FACE_BOUND('',#3005,.T.);
#3212=FACE_BOUND('',#3006,.T.);
#3213=FACE_BOUND('',#3007,.T.);
#3214=FACE_BOUND('',#3008,.T.);
#3215=FACE_BOUND('',#3009,.T.);
#3216=FACE_BOUND('',#3010,.T.);
#3217=FACE_BOUND('',#3011,.T.);
#3218=FACE_BOUND('',#3012,.T.);
#3219=FACE_BOUND('',#3013,.T.);
#3220=PLANE('',#3601);
#3221=PLANE('',#3602);
#3222=PLANE('',#3603);
#3223=PLANE('',#3604);
#3224=PLANE('',#3605);
#3225=PLANE('',#3606);
#3226=PLANE('',#3607);
#3227=PLANE('',#3609);
#3228=PLANE('',#3610);
#3229=PLANE('',#3611);
#3230=PLANE('',#3613);
#3231=PLANE('',#3615);
#3232=PLANE('',#3616);
#3233=PLANE('',#3617);
#3234=PLANE('',#3618);
#3235=PLANE('',#3619);
#3236=PLANE('',#3621);
#3237=PLANE('',#3622);
#3238=PLANE('',#3623);
#3239=PLANE('',#3624);
#3240=PLANE('',#3625);
#3241=PLANE('',#3626);
#3242=PLANE('',#3627);
#3243=PLANE('',#3628);
#3244=PLANE('',#3629);
#3245=PLANE('',#3630);
#3246=PLANE('',#3631);
#3247=PLANE('',#3632);
#3248=PLANE('',#3633);
#3249=PLANE('',#3634);
#3250=PLANE('',#3635);
#3251=PLANE('',#3636);
#3252=PLANE('',#3637);
#3253=PLANE('',#3638);
#3254=PLANE('',#3639);
#3255=PLANE('',#3640);
#3256=PLANE('',#3641);
#3257=PLANE('',#3642);
#3258=PLANE('',#3643);
#3259=PLANE('',#3644);
#3260=PLANE('',#3645);
#3261=PLANE('',#3646);
#3262=PLANE('',#3647);
#3263=PLANE('',#3648);
#3264=PLANE('',#3649);
#3265=PLANE('',#3650);
#3266=PLANE('',#3651);
#3267=PLANE('',#3652);
#3268=PLANE('',#3653);
#3269=PLANE('',#3654);
#3270=PLANE('',#3655);
#3271=PLANE('',#3656);
#3272=PLANE('',#3657);
#3273=PLANE('',#3658);
#3274=PLANE('',#3659);
#3275=PLANE('',#3660);
#3276=PLANE('',#3661);
#3277=PLANE('',#3662);
#3278=PLANE('',#3663);
#3279=PLANE('',#3664);
#3280=PLANE('',#3665);
#3281=PLANE('',#3666);
#3282=PLANE('',#3667);
#3283=PLANE('',#3668);
#3284=PLANE('',#3669);
#3285=PLANE('',#3670);
#3286=PLANE('',#3671);
#3287=PLANE('',#3677);
#3288=PLANE('',#3678);
#3289=PLANE('',#3679);
#3290=PLANE('',#3680);
#3291=PLANE('',#3681);
#3292=PLANE('',#3682);
#3293=PLANE('',#3683);
#3294=PLANE('',#3684);
#3295=PLANE('',#3686);
#3296=PLANE('',#3687);
#3297=PLANE('',#3688);
#3298=PLANE('',#3689);
#3299=PLANE('',#3690);
#3300=PLANE('',#3691);
#3301=PLANE('',#3696);
#3302=PLANE('',#3697);
#3303=PLANE('',#3704);
#3304=PLANE('',#3706);
#3305=PLANE('',#3707);
#3306=PLANE('',#3708);
#3307=PLANE('',#3709);
#3308=PLANE('',#3710);
#3309=PLANE('',#3711);
#3310=PLANE('',#3712);
#3311=PLANE('',#3713);
#3312=PLANE('',#3714);
#3313=PLANE('',#3715);
#3314=PLANE('',#3716);
#3315=PLANE('',#3717);
#3316=PLANE('',#3718);
#3317=PLANE('',#3719);
#3318=PLANE('',#3720);
#3319=PLANE('',#3721);
#3320=PLANE('',#3722);
#3321=PLANE('',#3723);
#3322=PLANE('',#3724);
#3323=PLANE('',#3725);
#3324=PLANE('',#3726);
#3325=PLANE('',#3727);
#3326=PLANE('',#3728);
#3327=PLANE('',#3729);
#3328=PLANE('',#3730);
#3329=PLANE('',#3731);
#3330=PLANE('',#3732);
#3331=PLANE('',#3733);
#3332=PLANE('',#3734);
#3333=PLANE('',#3735);
#3334=PLANE('',#3737);
#3335=PLANE('',#3738);
#3336=PLANE('',#3739);
#3337=PLANE('',#3740);
#3338=PLANE('',#3741);
#3339=PLANE('',#3742);
#3340=PLANE('',#3743);
#3341=PLANE('',#3744);
#3342=PLANE('',#3751);
#3343=PLANE('',#3752);
#3344=PLANE('',#3759);
#3345=PLANE('',#3760);
#3346=PLANE('',#3761);
#3347=PLANE('',#3762);
#3348=PLANE('',#3763);
#3349=PLANE('',#3764);
#3350=PLANE('',#3771);
#3351=PLANE('',#3772);
#3352=PLANE('',#3779);
#3353=PLANE('',#3780);
#3354=PLANE('',#3781);
#3355=PLANE('',#3782);
#3356=PLANE('',#3789);
#3357=PLANE('',#3790);
#3358=PLANE('',#3797);
#3359=PLANE('',#3798);
#3360=PLANE('',#3799);
#3361=PLANE('',#3800);
#3362=PLANE('',#3801);
#3363=PLANE('',#3802);
#3364=PLANE('',#3809);
#3365=PLANE('',#3810);
#3366=PLANE('',#3817);
#3367=PLANE('',#3818);
#3368=PLANE('',#3819);
#3369=PLANE('',#3820);
#3370=PLANE('',#3821);
#3371=PLANE('',#3822);
#3372=PLANE('',#3823);
#3373=PLANE('',#3824);
#3374=PLANE('',#3825);
#3375=PLANE('',#3826);
#3376=PLANE('',#3827);
#3377=PLANE('',#3828);
#3378=PLANE('',#3829);
#3379=PLANE('',#3830);
#3380=ADVANCED_FACE('',(#3014),#3220,.F.);
#3381=ADVANCED_FACE('',(#3015),#3221,.F.);
#3382=ADVANCED_FACE('',(#3016),#3222,.T.);
#3383=ADVANCED_FACE('',(#3017),#3223,.T.);
#3384=ADVANCED_FACE('',(#3018),#3224,.T.);
#3385=ADVANCED_FACE('',(#3019),#3225,.T.);
#3386=ADVANCED_FACE('',(#3020),#3226,.T.);
#3387=ADVANCED_FACE('',(#3021,#3022),#3227,.T.);
#3388=ADVANCED_FACE('',(#3023,#3024),#3228,.T.);
#3389=ADVANCED_FACE('',(#3025),#3229,.F.);
#3390=ADVANCED_FACE('',(#3026),#3230,.F.);
#3391=ADVANCED_FACE('',(#3027),#3231,.T.);
#3392=ADVANCED_FACE('',(#3028),#3232,.T.);
#3393=ADVANCED_FACE('',(#3029),#3233,.T.);
#3394=ADVANCED_FACE('',(#3030),#3234,.T.);
#3395=ADVANCED_FACE('',(#3031),#3235,.F.);
#3396=ADVANCED_FACE('',(#3032),#3236,.T.);
#3397=ADVANCED_FACE('',(#3033),#3237,.T.);
#3398=ADVANCED_FACE('',(#3034),#3238,.T.);
#3399=ADVANCED_FACE('',(#3035),#3239,.T.);
#3400=ADVANCED_FACE('',(#3036),#3240,.T.);
#3401=ADVANCED_FACE('',(#3037),#3241,.T.);
#3402=ADVANCED_FACE('',(#3038),#3242,.T.);
#3403=ADVANCED_FACE('',(#3039),#3243,.T.);
#3404=ADVANCED_FACE('',(#3040),#3244,.T.);
#3405=ADVANCED_FACE('',(#3041),#3245,.T.);
#3406=ADVANCED_FACE('',(#3042),#3246,.T.);
#3407=ADVANCED_FACE('',(#3043),#3247,.T.);
#3408=ADVANCED_FACE('',(#3044),#3248,.T.);
#3409=ADVANCED_FACE('',(#3045),#3249,.T.);
#3410=ADVANCED_FACE('',(#3046,#3047,#3048),#3250,.T.);
#3411=ADVANCED_FACE('',(#3049,#3050,#3051),#3251,.T.);
#3412=ADVANCED_FACE('',(#3052,#3053,#3054),#3252,.F.);
#3413=ADVANCED_FACE('',(#3055,#3056,#3057),#3253,.F.);
#3414=ADVANCED_FACE('',(#3058),#3254,.F.);
#3415=ADVANCED_FACE('',(#3059),#3255,.T.);
#3416=ADVANCED_FACE('',(#3060),#3256,.T.);
#3417=ADVANCED_FACE('',(#3061),#3257,.T.);
#3418=ADVANCED_FACE('',(#3062),#3258,.T.);
#3419=ADVANCED_FACE('',(#3063),#3259,.T.);
#3420=ADVANCED_FACE('',(#3064),#3260,.T.);
#3421=ADVANCED_FACE('',(#3065),#3261,.T.);
#3422=ADVANCED_FACE('',(#3066),#3262,.T.);
#3423=ADVANCED_FACE('',(#3067),#3263,.T.);
#3424=ADVANCED_FACE('',(#3068),#3264,.T.);
#3425=ADVANCED_FACE('',(#3069),#3265,.T.);
#3426=ADVANCED_FACE('',(#3070),#3266,.T.);
#3427=ADVANCED_FACE('',(#3071),#3267,.T.);
#3428=ADVANCED_FACE('',(#3072),#3268,.T.);
#3429=ADVANCED_FACE('',(#3073),#3269,.T.);
#3430=ADVANCED_FACE('',(#3074),#3270,.T.);
#3431=ADVANCED_FACE('',(#3075),#3271,.F.);
#3432=ADVANCED_FACE('',(#3076),#3272,.T.);
#3433=ADVANCED_FACE('',(#3077),#3273,.T.);
#3434=ADVANCED_FACE('',(#3078),#3274,.T.);
#3435=ADVANCED_FACE('',(#3079),#3275,.T.);
#3436=ADVANCED_FACE('',(#3080),#3276,.T.);
#3437=ADVANCED_FACE('',(#3081),#3277,.T.);
#3438=ADVANCED_FACE('',(#3082),#3278,.T.);
#3439=ADVANCED_FACE('',(#3083),#3279,.T.);
#3440=ADVANCED_FACE('',(#3084),#3280,.T.);
#3441=ADVANCED_FACE('',(#3085),#3281,.T.);
#3442=ADVANCED_FACE('',(#3086),#3282,.T.);
#3443=ADVANCED_FACE('',(#3087),#3283,.T.);
#3444=ADVANCED_FACE('',(#3088),#3284,.T.);
#3445=ADVANCED_FACE('',(#3089),#3285,.T.);
#3446=ADVANCED_FACE('',(#3090),#3286,.F.);
#3447=ADVANCED_FACE('',(#3091),#37,.F.);
#3448=ADVANCED_FACE('',(#3092),#38,.F.);
#3449=ADVANCED_FACE('',(#3093),#3287,.T.);
#3450=ADVANCED_FACE('',(#3094),#3288,.T.);
#3451=ADVANCED_FACE('',(#3095),#3289,.T.);
#3452=ADVANCED_FACE('',(#3096),#3290,.T.);
#3453=ADVANCED_FACE('',(#3097),#3291,.T.);
#3454=ADVANCED_FACE('',(#3098),#3292,.T.);
#3455=ADVANCED_FACE('',(#3099),#3293,.F.);
#3456=ADVANCED_FACE('',(#3100),#3294,.T.);
#3457=ADVANCED_FACE('',(#3101),#3295,.T.);
#3458=ADVANCED_FACE('',(#3102),#3296,.T.);
#3459=ADVANCED_FACE('',(#3103),#3297,.T.);
#3460=ADVANCED_FACE('',(#3104),#3298,.T.);
#3461=ADVANCED_FACE('',(#3105),#3299,.T.);
#3462=ADVANCED_FACE('',(#3106),#3300,.T.);
#3463=ADVANCED_FACE('',(#3107),#39,.F.);
#3464=ADVANCED_FACE('',(#3108),#40,.F.);
#3465=ADVANCED_FACE('',(#3109),#3301,.T.);
#3466=ADVANCED_FACE('',(#3110),#3302,.F.);
#3467=ADVANCED_FACE('',(#3111,#3112),#41,.T.);
#3468=ADVANCED_FACE('',(#3113,#3114),#36,.T.);
#3469=ADVANCED_FACE('',(#3115),#3303,.F.);
#3470=ADVANCED_FACE('',(#3116),#3304,.F.);
#3471=ADVANCED_FACE('',(#3117),#3305,.F.);
#3472=ADVANCED_FACE('',(#3118),#3306,.F.);
#3473=ADVANCED_FACE('',(#3119),#3307,.T.);
#3474=ADVANCED_FACE('',(#3120),#3308,.T.);
#3475=ADVANCED_FACE('',(#3121),#3309,.T.);
#3476=ADVANCED_FACE('',(#3122),#3310,.T.);
#3477=ADVANCED_FACE('',(#3123),#3311,.F.);
#3478=ADVANCED_FACE('',(#3124),#3312,.F.);
#3479=ADVANCED_FACE('',(#3125),#3313,.F.);
#3480=ADVANCED_FACE('',(#3126),#3314,.F.);
#3481=ADVANCED_FACE('',(#3127),#3315,.F.);
#3482=ADVANCED_FACE('',(#3128),#3316,.F.);
#3483=ADVANCED_FACE('',(#3129),#3317,.F.);
#3484=ADVANCED_FACE('',(#3130),#3318,.F.);
#3485=ADVANCED_FACE('',(#3131),#3319,.F.);
#3486=ADVANCED_FACE('',(#3132),#3320,.F.);
#3487=ADVANCED_FACE('',(#3133),#3321,.F.);
#3488=ADVANCED_FACE('',(#3134),#3322,.F.);
#3489=ADVANCED_FACE('',(#3135),#3323,.F.);
#3490=ADVANCED_FACE('',(#3136),#3324,.T.);
#3491=ADVANCED_FACE('',(#3137),#3325,.F.);
#3492=ADVANCED_FACE('',(#3138,#3139,#3140,#3141,#3142,#3143),#3326,.T.);
#3493=ADVANCED_FACE('',(#3144),#3327,.T.);
#3494=ADVANCED_FACE('',(#3145),#3328,.F.);
#3495=ADVANCED_FACE('',(#3146),#3329,.T.);
#3496=ADVANCED_FACE('',(#3147),#3330,.T.);
#3497=ADVANCED_FACE('',(#3148),#3331,.T.);
#3498=ADVANCED_FACE('',(#3149),#3332,.T.);
#3499=ADVANCED_FACE('',(#3150,#3151),#3333,.T.);
#3500=ADVANCED_FACE('',(#3152),#3334,.F.);
#3501=ADVANCED_FACE('',(#3153),#3335,.F.);
#3502=ADVANCED_FACE('',(#3154),#3336,.F.);
#3503=ADVANCED_FACE('',(#3155),#3337,.T.);
#3504=ADVANCED_FACE('',(#3156),#3338,.T.);
#3505=ADVANCED_FACE('',(#3157),#3339,.T.);
#3506=ADVANCED_FACE('',(#3158),#3340,.T.);
#3507=ADVANCED_FACE('',(#3159),#3341,.F.);
#3508=ADVANCED_FACE('',(#3160),#42,.F.);
#3509=ADVANCED_FACE('',(#3161),#43,.F.);
#3510=ADVANCED_FACE('',(#3162),#3342,.F.);
#3511=ADVANCED_FACE('',(#3163),#3343,.F.);
#3512=ADVANCED_FACE('',(#3164),#44,.T.);
#3513=ADVANCED_FACE('',(#3165),#45,.T.);
#3514=ADVANCED_FACE('',(#3166),#3344,.F.);
#3515=ADVANCED_FACE('',(#3167),#3345,.F.);
#3516=ADVANCED_FACE('',(#3168),#3346,.F.);
#3517=ADVANCED_FACE('',(#3169),#3347,.F.);
#3518=ADVANCED_FACE('',(#3170),#3348,.F.);
#3519=ADVANCED_FACE('',(#3171),#3349,.F.);
#3520=ADVANCED_FACE('',(#3172),#46,.F.);
#3521=ADVANCED_FACE('',(#3173),#47,.F.);
#3522=ADVANCED_FACE('',(#3174),#3350,.F.);
#3523=ADVANCED_FACE('',(#3175),#3351,.F.);
#3524=ADVANCED_FACE('',(#3176),#48,.T.);
#3525=ADVANCED_FACE('',(#3177),#49,.T.);
#3526=ADVANCED_FACE('',(#3178),#3352,.F.);
#3527=ADVANCED_FACE('',(#3179),#3353,.F.);
#3528=ADVANCED_FACE('',(#3180),#3354,.F.);
#3529=ADVANCED_FACE('',(#3181),#3355,.F.);
#3530=ADVANCED_FACE('',(#3182),#50,.F.);
#3531=ADVANCED_FACE('',(#3183),#51,.F.);
#3532=ADVANCED_FACE('',(#3184),#3356,.F.);
#3533=ADVANCED_FACE('',(#3185),#3357,.F.);
#3534=ADVANCED_FACE('',(#3186),#52,.T.);
#3535=ADVANCED_FACE('',(#3187),#53,.T.);
#3536=ADVANCED_FACE('',(#3188),#3358,.F.);
#3537=ADVANCED_FACE('',(#3189),#3359,.F.);
#3538=ADVANCED_FACE('',(#3190),#3360,.F.);
#3539=ADVANCED_FACE('',(#3191),#3361,.F.);
#3540=ADVANCED_FACE('',(#3192),#3362,.F.);
#3541=ADVANCED_FACE('',(#3193),#3363,.F.);
#3542=ADVANCED_FACE('',(#3194),#54,.F.);
#3543=ADVANCED_FACE('',(#3195),#55,.F.);
#3544=ADVANCED_FACE('',(#3196),#3364,.F.);
#3545=ADVANCED_FACE('',(#3197),#3365,.F.);
#3546=ADVANCED_FACE('',(#3198),#56,.T.);
#3547=ADVANCED_FACE('',(#3199),#57,.T.);
#3548=ADVANCED_FACE('',(#3200),#3366,.F.);
#3549=ADVANCED_FACE('',(#3201),#3367,.F.);
#3550=ADVANCED_FACE('',(#3202),#3368,.F.);
#3551=ADVANCED_FACE('',(#3203),#3369,.F.);
#3552=ADVANCED_FACE('',(#3204,#3205,#3206,#3207,#3208,#3209),#3370,.F.);
#3553=ADVANCED_FACE('',(#3210),#3371,.T.);
#3554=ADVANCED_FACE('',(#3211),#3372,.F.);
#3555=ADVANCED_FACE('',(#3212),#3373,.F.);
#3556=ADVANCED_FACE('',(#3213),#3374,.T.);
#3557=ADVANCED_FACE('',(#3214),#3375,.T.);
#3558=ADVANCED_FACE('',(#3215),#3376,.T.);
#3559=ADVANCED_FACE('',(#3216),#3377,.T.);
#3560=ADVANCED_FACE('',(#3217),#3378,.T.);
#3561=ADVANCED_FACE('',(#3218,#3219),#3379,.T.);
#3562=CLOSED_SHELL('',(#3380,#3381,#3382,#3383,#3384,#3385,#3386,#3387,
#3388,#3389,#3390,#3391,#3392,#3393,#3394,#3395,#3396,#3397,#3398,#3399,
#3400,#3401,#3402,#3403,#3404,#3405,#3406,#3407,#3408,#3409,#3410,#3411,
#3412,#3413,#3414,#3415,#3416,#3417,#3418,#3419,#3420,#3421,#3422,#3423,
#3424,#3425,#3426,#3427,#3428,#3429,#3430,#3431,#3432,#3433,#3434,#3435,
#3436,#3437,#3438,#3439,#3440,#3441,#3442,#3443,#3444,#3445,#3446,#3447,
#3448,#3449,#3450,#3451,#3452,#3453,#3454,#3455,#3456,#3457,#3458,#3459,
#3460,#3461,#3462,#3463,#3464,#3465,#3466,#3467,#3468,#3469));
#3563=CLOSED_SHELL('',(#3470,#3471,#3472,#3473,#3474,#3475,#3476,#3477,
#3478,#3479,#3480,#3481,#3482,#3483,#3484,#3485,#3486,#3487,#3488,#3489,
#3490,#3491,#3492,#3493,#3494,#3495,#3496,#3497,#3498,#3499));
#3564=CLOSED_SHELL('',(#3500,#3501,#3502,#3503,#3504,#3505,#3506,#3507,
#3508,#3509,#3510,#3511,#3512,#3513,#3514,#3515,#3516,#3517,#3518,#3519,
#3520,#3521,#3522,#3523,#3524,#3525,#3526,#3527,#3528,#3529,#3530,#3531,
#3532,#3533,#3534,#3535,#3536,#3537,#3538,#3539,#3540,#3541,#3542,#3543,
#3544,#3545,#3546,#3547,#3548,#3549,#3550,#3551,#3552,#3553,#3554,#3555,
#3556,#3557,#3558,#3559,#3560,#3561));
#3565=STYLED_ITEM('',(#3568),#3589);
#3566=STYLED_ITEM('',(#3569),#3590);
#3567=STYLED_ITEM('',(#3570),#3591);
#3568=PRESENTATION_STYLE_ASSIGNMENT((#3571));
#3569=PRESENTATION_STYLE_ASSIGNMENT((#3572));
#3570=PRESENTATION_STYLE_ASSIGNMENT((#3573));
#3571=SURFACE_STYLE_USAGE(.BOTH.,#3574);
#3572=SURFACE_STYLE_USAGE(.BOTH.,#3575);
#3573=SURFACE_STYLE_USAGE(.BOTH.,#3576);
#3574=SURFACE_SIDE_STYLE('',(#3577));
#3575=SURFACE_SIDE_STYLE('',(#3578));
#3576=SURFACE_SIDE_STYLE('',(#3579));
#3577=SURFACE_STYLE_FILL_AREA(#3580);
#3578=SURFACE_STYLE_FILL_AREA(#3581);
#3579=SURFACE_STYLE_FILL_AREA(#3582);
#3580=FILL_AREA_STYLE('',(#3583));
#3581=FILL_AREA_STYLE('',(#3584));
#3582=FILL_AREA_STYLE('',(#3585));
#3583=FILL_AREA_STYLE_COLOUR('',#3586);
#3584=FILL_AREA_STYLE_COLOUR('',#3587);
#3585=FILL_AREA_STYLE_COLOUR('',#3588);
#3586=COLOUR_RGB('',0.0549019612371922,0.0549019612371922,0.0549019612371922);
#3587=COLOUR_RGB('',0.831372559070587,0.701960802078247,0.176470592617989);
#3588=COLOUR_RGB('',0.670588254928589,0.670588254928589,0.670588254928589);
#3589=MANIFOLD_SOLID_BREP('TSM-102-01-DH-A_body',#3562);
#3590=MANIFOLD_SOLID_BREP('T-1S6-09-L(-01-2-DH)',#3563);
#3591=MANIFOLD_SOLID_BREP('T-1S6-09-L(-01-2-DH)2',#3564);
#3592=SHAPE_DEFINITION_REPRESENTATION(#5765,#3596);
#3593=SHAPE_DEFINITION_REPRESENTATION(#5766,#3597);
#3594=SHAPE_DEFINITION_REPRESENTATION(#5768,#3598);
#3595=SHAPE_DEFINITION_REPRESENTATION(#5770,#3599);
#3596=SHAPE_REPRESENTATION('TSM-102-01-L-DH-A',(#3600,#3705,#3736,#3831),
#5751);
#3597=SHAPE_REPRESENTATION('TSM-102-01-DH-A_body',(#3600),#5752);
#3598=SHAPE_REPRESENTATION('T-1S6-09-L(-01-2-DH)',(#3600),#5753);
#3599=SHAPE_REPRESENTATION('T-1S6-09-L(-01-2-DH)2',(#3600),#5754);
#3600=AXIS2_PLACEMENT_3D('',#4744,#3832,#3833);
#3601=AXIS2_PLACEMENT_3D('',#4745,#3834,#3835);
#3602=AXIS2_PLACEMENT_3D('',#4770,#3848,#3849);
#3603=AXIS2_PLACEMENT_3D('',#4795,#3862,#3863);
#3604=AXIS2_PLACEMENT_3D('',#4801,#3867,#3868);
#3605=AXIS2_PLACEMENT_3D('',#4807,#3872,#3873);
#3606=AXIS2_PLACEMENT_3D('',#4813,#3877,#3878);
#3607=AXIS2_PLACEMENT_3D('',#4819,#3882,#3883);
#3608=AXIS2_PLACEMENT_3D('',#4820,#3884,#3885);
#3609=AXIS2_PLACEMENT_3D('',#4826,#3889,#3890);
#3610=AXIS2_PLACEMENT_3D('',#4865,#3911,#3912);
#3611=AXIS2_PLACEMENT_3D('',#4903,#3932,#3933);
#3612=AXIS2_PLACEMENT_3D('',#4904,#3934,#3935);
#3613=AXIS2_PLACEMENT_3D('',#4920,#3943,#3944);
#3614=AXIS2_PLACEMENT_3D('',#4921,#3945,#3946);
#3615=AXIS2_PLACEMENT_3D('',#4937,#3954,#3955);
#3616=AXIS2_PLACEMENT_3D('',#4945,#3960,#3961);
#3617=AXIS2_PLACEMENT_3D('',#4953,#3966,#3967);
#3618=AXIS2_PLACEMENT_3D('',#4961,#3972,#3973);
#3619=AXIS2_PLACEMENT_3D('',#4969,#3978,#3979);
#3620=AXIS2_PLACEMENT_3D('',#4972,#3981,#3982);
#3621=AXIS2_PLACEMENT_3D('',#4975,#3984,#3985);
#3622=AXIS2_PLACEMENT_3D('',#4979,#3988,#3989);
#3623=AXIS2_PLACEMENT_3D('',#4984,#3993,#3994);
#3624=AXIS2_PLACEMENT_3D('',#4988,#3997,#3998);
#3625=AXIS2_PLACEMENT_3D('',#4993,#4002,#4003);
#3626=AXIS2_PLACEMENT_3D('',#4997,#4006,#4007);
#3627=AXIS2_PLACEMENT_3D('',#5002,#4011,#4012);
#3628=AXIS2_PLACEMENT_3D('',#5006,#4015,#4016);
#3629=AXIS2_PLACEMENT_3D('',#5011,#4020,#4021);
#3630=AXIS2_PLACEMENT_3D('',#5014,#4024,#4025);
#3631=AXIS2_PLACEMENT_3D('',#5016,#4027,#4028);
#3632=AXIS2_PLACEMENT_3D('',#5019,#4031,#4032);
#3633=AXIS2_PLACEMENT_3D('',#5021,#4034,#4035);
#3634=AXIS2_PLACEMENT_3D('',#5023,#4037,#4038);
#3635=AXIS2_PLACEMENT_3D('',#5025,#4040,#4041);
#3636=AXIS2_PLACEMENT_3D('',#5044,#4052,#4053);
#3637=AXIS2_PLACEMENT_3D('',#5063,#4064,#4065);
#3638=AXIS2_PLACEMENT_3D('',#5082,#4076,#4077);
#3639=AXIS2_PLACEMENT_3D('',#5101,#4088,#4089);
#3640=AXIS2_PLACEMENT_3D('',#5102,#4090,#4091);
#3641=AXIS2_PLACEMENT_3D('',#5105,#4094,#4095);
#3642=AXIS2_PLACEMENT_3D('',#5107,#4097,#4098);
#3643=AXIS2_PLACEMENT_3D('',#5109,#4100,#4101);
#3644=AXIS2_PLACEMENT_3D('',#5112,#4104,#4105);
#3645=AXIS2_PLACEMENT_3D('',#5114,#4107,#4108);
#3646=AXIS2_PLACEMENT_3D('',#5116,#4110,#4111);
#3647=AXIS2_PLACEMENT_3D('',#5119,#4114,#4115);
#3648=AXIS2_PLACEMENT_3D('',#5121,#4117,#4118);
#3649=AXIS2_PLACEMENT_3D('',#5123,#4120,#4121);
#3650=AXIS2_PLACEMENT_3D('',#5126,#4124,#4125);
#3651=AXIS2_PLACEMENT_3D('',#5128,#4127,#4128);
#3652=AXIS2_PLACEMENT_3D('',#5130,#4130,#4131);
#3653=AXIS2_PLACEMENT_3D('',#5131,#4132,#4133);
#3654=AXIS2_PLACEMENT_3D('',#5132,#4134,#4135);
#3655=AXIS2_PLACEMENT_3D('',#5133,#4136,#4137);
#3656=AXIS2_PLACEMENT_3D('',#5134,#4138,#4139);
#3657=AXIS2_PLACEMENT_3D('',#5135,#4140,#4141);
#3658=AXIS2_PLACEMENT_3D('',#5138,#4144,#4145);
#3659=AXIS2_PLACEMENT_3D('',#5141,#4148,#4149);
#3660=AXIS2_PLACEMENT_3D('',#5144,#4152,#4153);
#3661=AXIS2_PLACEMENT_3D('',#5147,#4156,#4157);
#3662=AXIS2_PLACEMENT_3D('',#5148,#4158,#4159);
#3663=AXIS2_PLACEMENT_3D('',#5149,#4160,#4161);
#3664=AXIS2_PLACEMENT_3D('',#5150,#4162,#4163);
#3665=AXIS2_PLACEMENT_3D('',#5151,#4164,#4165);
#3666=AXIS2_PLACEMENT_3D('',#5152,#4166,#4167);
#3667=AXIS2_PLACEMENT_3D('',#5153,#4168,#4169);
#3668=AXIS2_PLACEMENT_3D('',#5154,#4170,#4171);
#3669=AXIS2_PLACEMENT_3D('',#5155,#4172,#4173);
#3670=AXIS2_PLACEMENT_3D('',#5156,#4174,#4175);
#3671=AXIS2_PLACEMENT_3D('',#5157,#4176,#4177);
#3672=AXIS2_PLACEMENT_3D('',#5162,#4180,#4181);
#3673=AXIS2_PLACEMENT_3D('',#5163,#4182,#4183);
#3674=AXIS2_PLACEMENT_3D('',#5166,#4185,#4186);
#3675=AXIS2_PLACEMENT_3D('',#5169,#4188,#4189);
#3676=AXIS2_PLACEMENT_3D('',#5172,#4191,#4192);
#3677=AXIS2_PLACEMENT_3D('',#5175,#4194,#4195);
#3678=AXIS2_PLACEMENT_3D('',#5181,#4199,#4200);
#3679=AXIS2_PLACEMENT_3D('',#5187,#4204,#4205);
#3680=AXIS2_PLACEMENT_3D('',#5190,#4208,#4209);
#3681=AXIS2_PLACEMENT_3D('',#5196,#4213,#4214);
#3682=AXIS2_PLACEMENT_3D('',#5202,#4218,#4219);
#3683=AXIS2_PLACEMENT_3D('',#5205,#4222,#4223);
#3684=AXIS2_PLACEMENT_3D('',#5206,#4224,#4225);
#3685=AXIS2_PLACEMENT_3D('',#5209,#4227,#4228);
#3686=AXIS2_PLACEMENT_3D('',#5212,#4230,#4231);
#3687=AXIS2_PLACEMENT_3D('',#5218,#4235,#4236);
#3688=AXIS2_PLACEMENT_3D('',#5224,#4240,#4241);
#3689=AXIS2_PLACEMENT_3D('',#5228,#4244,#4245);
#3690=AXIS2_PLACEMENT_3D('',#5232,#4248,#4249);
#3691=AXIS2_PLACEMENT_3D('',#5236,#4252,#4253);
#3692=AXIS2_PLACEMENT_3D('',#5240,#4256,#4257);
#3693=AXIS2_PLACEMENT_3D('',#5241,#4258,#4259);
#3694=AXIS2_PLACEMENT_3D('',#5242,#4260,#4261);
#3695=AXIS2_PLACEMENT_3D('',#5243,#4262,#4263);
#3696=AXIS2_PLACEMENT_3D('',#5244,#4264,#4265);
#3697=AXIS2_PLACEMENT_3D('',#5245,#4266,#4267);
#3698=AXIS2_PLACEMENT_3D('',#5246,#4268,#4269);
#3699=AXIS2_PLACEMENT_3D('',#5247,#4270,#4271);
#3700=AXIS2_PLACEMENT_3D('',#5248,#4272,#4273);
#3701=AXIS2_PLACEMENT_3D('',#5249,#4274,#4275);
#3702=AXIS2_PLACEMENT_3D('',#5251,#4276,#4277);
#3703=AXIS2_PLACEMENT_3D('',#5252,#4278,#4279);
#3704=AXIS2_PLACEMENT_3D('',#5254,#4280,#4281);
#3705=AXIS2_PLACEMENT_3D('',#5255,#4282,#4283);
#3706=AXIS2_PLACEMENT_3D('',#5256,#4284,#4285);
#3707=AXIS2_PLACEMENT_3D('',#5265,#4290,#4291);
#3708=AXIS2_PLACEMENT_3D('',#5271,#4295,#4296);
#3709=AXIS2_PLACEMENT_3D('',#5277,#4300,#4301);
#3710=AXIS2_PLACEMENT_3D('',#5286,#4306,#4307);
#3711=AXIS2_PLACEMENT_3D('',#5292,#4311,#4312);
#3712=AXIS2_PLACEMENT_3D('',#5298,#4316,#4317);
#3713=AXIS2_PLACEMENT_3D('',#5301,#4320,#4321);
#3714=AXIS2_PLACEMENT_3D('',#5304,#4324,#4325);
#3715=AXIS2_PLACEMENT_3D('',#5313,#4330,#4331);
#3716=AXIS2_PLACEMENT_3D('',#5322,#4336,#4337);
#3717=AXIS2_PLACEMENT_3D('',#5328,#4341,#4342);
#3718=AXIS2_PLACEMENT_3D('',#5334,#4346,#4347);
#3719=AXIS2_PLACEMENT_3D('',#5340,#4351,#4352);
#3720=AXIS2_PLACEMENT_3D('',#5346,#4356,#4357);
#3721=AXIS2_PLACEMENT_3D('',#5355,#4362,#4363);
#3722=AXIS2_PLACEMENT_3D('',#5364,#4368,#4369);
#3723=AXIS2_PLACEMENT_3D('',#5370,#4373,#4374);
#3724=AXIS2_PLACEMENT_3D('',#5376,#4378,#4379);
#3725=AXIS2_PLACEMENT_3D('',#5382,#4383,#4384);
#3726=AXIS2_PLACEMENT_3D('',#5388,#4388,#4389);
#3727=AXIS2_PLACEMENT_3D('',#5390,#4391,#4392);
#3728=AXIS2_PLACEMENT_3D('',#5392,#4394,#4395);
#3729=AXIS2_PLACEMENT_3D('',#5399,#4402,#4403);
#3730=AXIS2_PLACEMENT_3D('',#5400,#4404,#4405);
#3731=AXIS2_PLACEMENT_3D('',#5401,#4406,#4407);
#3732=AXIS2_PLACEMENT_3D('',#5402,#4408,#4409);
#3733=AXIS2_PLACEMENT_3D('',#5403,#4410,#4411);
#3734=AXIS2_PLACEMENT_3D('',#5404,#4412,#4413);
#3735=AXIS2_PLACEMENT_3D('',#5405,#4414,#4415);
#3736=AXIS2_PLACEMENT_3D('',#5406,#4416,#4417);
#3737=AXIS2_PLACEMENT_3D('',#5407,#4418,#4419);
#3738=AXIS2_PLACEMENT_3D('',#5416,#4424,#4425);
#3739=AXIS2_PLACEMENT_3D('',#5422,#4429,#4430);
#3740=AXIS2_PLACEMENT_3D('',#5428,#4434,#4435);
#3741=AXIS2_PLACEMENT_3D('',#5437,#4440,#4441);
#3742=AXIS2_PLACEMENT_3D('',#5443,#4445,#4446);
#3743=AXIS2_PLACEMENT_3D('',#5449,#4450,#4451);
#3744=AXIS2_PLACEMENT_3D('',#5452,#4454,#4455);
#3745=AXIS2_PLACEMENT_3D('',#5455,#4458,#4459);
#3746=AXIS2_PLACEMENT_3D('',#5459,#4461,#4462);
#3747=AXIS2_PLACEMENT_3D('',#5463,#4464,#4465);
#3748=AXIS2_PLACEMENT_3D('',#5464,#4466,#4467);
#3749=AXIS2_PLACEMENT_3D('',#5468,#4469,#4470);
#3750=AXIS2_PLACEMENT_3D('',#5472,#4472,#4473);
#3751=AXIS2_PLACEMENT_3D('',#5473,#4474,#4475);
#3752=AXIS2_PLACEMENT_3D('',#5479,#4479,#4480);
#3753=AXIS2_PLACEMENT_3D('',#5485,#4484,#4485);
#3754=AXIS2_PLACEMENT_3D('',#5486,#4486,#4487);
#3755=AXIS2_PLACEMENT_3D('',#5488,#4488,#4489);
#3756=AXIS2_PLACEMENT_3D('',#5491,#4491,#4492);
#3757=AXIS2_PLACEMENT_3D('',#5492,#4493,#4494);
#3758=AXIS2_PLACEMENT_3D('',#5496,#4496,#4497);
#3759=AXIS2_PLACEMENT_3D('',#5497,#4498,#4499);
#3760=AXIS2_PLACEMENT_3D('',#5503,#4503,#4504);
#3761=AXIS2_PLACEMENT_3D('',#5509,#4508,#4509);
#3762=AXIS2_PLACEMENT_3D('',#5515,#4513,#4514);
#3763=AXIS2_PLACEMENT_3D('',#5521,#4518,#4519);
#3764=AXIS2_PLACEMENT_3D('',#5527,#4523,#4524);
#3765=AXIS2_PLACEMENT_3D('',#5533,#4528,#4529);
#3766=AXIS2_PLACEMENT_3D('',#5537,#4531,#4532);
#3767=AXIS2_PLACEMENT_3D('',#5538,#4533,#4534);
#3768=AXIS2_PLACEMENT_3D('',#5539,#4535,#4536);
#3769=AXIS2_PLACEMENT_3D('',#5540,#4537,#4538);
#3770=AXIS2_PLACEMENT_3D('',#5544,#4540,#4541);
#3771=AXIS2_PLACEMENT_3D('',#5545,#4542,#4543);
#3772=AXIS2_PLACEMENT_3D('',#5551,#4547,#4548);
#3773=AXIS2_PLACEMENT_3D('',#5557,#4552,#4553);
#3774=AXIS2_PLACEMENT_3D('',#5558,#4554,#4555);
#3775=AXIS2_PLACEMENT_3D('',#5560,#4556,#4557);
#3776=AXIS2_PLACEMENT_3D('',#5563,#4559,#4560);
#3777=AXIS2_PLACEMENT_3D('',#5564,#4561,#4562);
#3778=AXIS2_PLACEMENT_3D('',#5568,#4564,#4565);
#3779=AXIS2_PLACEMENT_3D('',#5569,#4566,#4567);
#3780=AXIS2_PLACEMENT_3D('',#5575,#4571,#4572);
#3781=AXIS2_PLACEMENT_3D('',#5581,#4576,#4577);
#3782=AXIS2_PLACEMENT_3D('',#5587,#4581,#4582);
#3783=AXIS2_PLACEMENT_3D('',#5593,#4586,#4587);
#3784=AXIS2_PLACEMENT_3D('',#5597,#4589,#4590);
#3785=AXIS2_PLACEMENT_3D('',#5601,#4592,#4593);
#3786=AXIS2_PLACEMENT_3D('',#5602,#4594,#4595);
#3787=AXIS2_PLACEMENT_3D('',#5606,#4597,#4598);
#3788=AXIS2_PLACEMENT_3D('',#5610,#4600,#4601);
#3789=AXIS2_PLACEMENT_3D('',#5611,#4602,#4603);
#3790=AXIS2_PLACEMENT_3D('',#5617,#4607,#4608);
#3791=AXIS2_PLACEMENT_3D('',#5623,#4612,#4613);
#3792=AXIS2_PLACEMENT_3D('',#5624,#4614,#4615);
#3793=AXIS2_PLACEMENT_3D('',#5626,#4616,#4617);
#3794=AXIS2_PLACEMENT_3D('',#5629,#4619,#4620);
#3795=AXIS2_PLACEMENT_3D('',#5630,#4621,#4622);
#3796=AXIS2_PLACEMENT_3D('',#5634,#4624,#4625);
#3797=AXIS2_PLACEMENT_3D('',#5635,#4626,#4627);
#3798=AXIS2_PLACEMENT_3D('',#5641,#4631,#4632);
#3799=AXIS2_PLACEMENT_3D('',#5647,#4636,#4637);
#3800=AXIS2_PLACEMENT_3D('',#5653,#4641,#4642);
#3801=AXIS2_PLACEMENT_3D('',#5659,#4646,#4647);
#3802=AXIS2_PLACEMENT_3D('',#5665,#4651,#4652);
#3803=AXIS2_PLACEMENT_3D('',#5671,#4656,#4657);
#3804=AXIS2_PLACEMENT_3D('',#5675,#4659,#4660);
#3805=AXIS2_PLACEMENT_3D('',#5676,#4661,#4662);
#3806=AXIS2_PLACEMENT_3D('',#5677,#4663,#4664);
#3807=AXIS2_PLACEMENT_3D('',#5678,#4665,#4666);
#3808=AXIS2_PLACEMENT_3D('',#5682,#4668,#4669);
#3809=AXIS2_PLACEMENT_3D('',#5683,#4670,#4671);
#3810=AXIS2_PLACEMENT_3D('',#5689,#4675,#4676);
#3811=AXIS2_PLACEMENT_3D('',#5695,#4680,#4681);
#3812=AXIS2_PLACEMENT_3D('',#5696,#4682,#4683);
#3813=AXIS2_PLACEMENT_3D('',#5698,#4684,#4685);
#3814=AXIS2_PLACEMENT_3D('',#5701,#4687,#4688);
#3815=AXIS2_PLACEMENT_3D('',#5702,#4689,#4690);
#3816=AXIS2_PLACEMENT_3D('',#5706,#4692,#4693);
#3817=AXIS2_PLACEMENT_3D('',#5707,#4694,#4695);
#3818=AXIS2_PLACEMENT_3D('',#5713,#4699,#4700);
#3819=AXIS2_PLACEMENT_3D('',#5719,#4704,#4705);
#3820=AXIS2_PLACEMENT_3D('',#5725,#4709,#4710);
#3821=AXIS2_PLACEMENT_3D('',#5731,#4714,#4715);
#3822=AXIS2_PLACEMENT_3D('',#5740,#4724,#4725);
#3823=AXIS2_PLACEMENT_3D('',#5741,#4726,#4727);
#3824=AXIS2_PLACEMENT_3D('',#5742,#4728,#4729);
#3825=AXIS2_PLACEMENT_3D('',#5743,#4730,#4731);
#3826=AXIS2_PLACEMENT_3D('',#5744,#4732,#4733);
#3827=AXIS2_PLACEMENT_3D('',#5745,#4734,#4735);
#3828=AXIS2_PLACEMENT_3D('',#5746,#4736,#4737);
#3829=AXIS2_PLACEMENT_3D('',#5747,#4738,#4739);
#3830=AXIS2_PLACEMENT_3D('',#5748,#4740,#4741);
#3831=AXIS2_PLACEMENT_3D('',#5749,#4742,#4743);
#3832=DIRECTION('',(0.,0.,1.));
#3833=DIRECTION('',(1.,0.,0.));
#3834=DIRECTION('',(0.,-1.,0.));
#3835=DIRECTION('',(0.,0.,-1.));
#3836=DIRECTION('',(-1.,0.,0.));
#3837=DIRECTION('',(0.,0.,1.));
#3838=DIRECTION('',(0.374606593415912,0.,0.927183854566788));
#3839=DIRECTION('',(0.,0.,1.));
#3840=DIRECTION('',(-1.,0.,0.));
#3841=DIRECTION('',(0.,0.,-1.));
#3842=DIRECTION('',(-1.,0.,0.));
#3843=DIRECTION('',(0.,0.,1.));
#3844=DIRECTION('',(-0.374606593415917,0.,0.927183854566786));
#3845=DIRECTION('',(0.,0.,1.));
#3846=DIRECTION('',(1.,0.,0.));
#3847=DIRECTION('',(0.,0.,1.));
#3848=DIRECTION('',(0.,-1.,0.));
#3849=DIRECTION('',(0.,0.,-1.));
#3850=DIRECTION('',(1.,0.,0.));
#3851=DIRECTION('',(0.,0.,-1.));
#3852=DIRECTION('',(-0.374606593415907,0.,-0.927183854566789));
#3853=DIRECTION('',(0.,0.,-1.));
#3854=DIRECTION('',(-1.,0.,0.));
#3855=DIRECTION('',(0.,0.,-1.));
#3856=DIRECTION('',(-1.,0.,0.));
#3857=DIRECTION('',(0.,0.,-1.));
#3858=DIRECTION('',(0.374606593415912,0.,-0.927183854566788));
#3859=DIRECTION('',(0.,0.,-1.));
#3860=DIRECTION('',(-1.,0.,0.));
#3861=DIRECTION('',(0.,0.,-1.));
#3862=DIRECTION('',(1.,0.,0.));
#3863=DIRECTION('',(0.,0.,-1.));
#3864=DIRECTION('',(0.,-1.,0.));
#3865=DIRECTION('',(0.,0.,1.));
#3866=DIRECTION('',(0.,-1.,0.));
#3867=DIRECTION('',(1.,0.,0.));
#3868=DIRECTION('',(0.,0.,-1.));
#3869=DIRECTION('',(0.,0.,1.));
#3870=DIRECTION('',(0.,1.,0.));
#3871=DIRECTION('',(0.,-1.,0.));
#3872=DIRECTION('',(-1.,0.,0.));
#3873=DIRECTION('',(0.,0.,1.));
#3874=DIRECTION('',(0.,-1.,0.));
#3875=DIRECTION('',(0.,0.,-1.));
#3876=DIRECTION('',(0.,-1.,0.));
#3877=DIRECTION('',(-1.,0.,0.));
#3878=DIRECTION('',(0.,0.,1.));
#3879=DIRECTION('',(0.,0.,-1.));
#3880=DIRECTION('',(0.,1.,0.));
#3881=DIRECTION('',(0.,-1.,0.));
#3882=DIRECTION('',(0.,1.,0.));
#3883=DIRECTION('',(0.,0.,1.));
#3884=DIRECTION('',(0.,1.,0.));
#3885=DIRECTION('',(0.,0.,1.));
#3886=DIRECTION('',(-1.,0.,0.));
#3887=DIRECTION('',(-1.,0.,0.));
#3888=DIRECTION('',(-1.,0.,0.));
#3889=DIRECTION('',(0.,0.,-1.));
#3890=DIRECTION('',(-1.,0.,0.));
#3891=DIRECTION('',(-0.5,-0.866025403784439,0.));
#3892=DIRECTION('',(0.,-1.,0.));
#3893=DIRECTION('',(0.5,-0.866025403784439,0.));
#3894=DIRECTION('',(1.,0.,0.));
#3895=DIRECTION('',(0.5,0.866025403784439,0.));
#3896=DIRECTION('',(0.,1.,0.));
#3897=DIRECTION('',(-0.5,0.866025403784439,0.));
#3898=DIRECTION('',(-1.,0.,0.));
#3899=DIRECTION('',(0.,-1.,0.));
#3900=DIRECTION('',(1.,0.,0.));
#3901=DIRECTION('',(0.,-1.,0.));
#3902=DIRECTION('',(-1.,0.,0.));
#3903=DIRECTION('',(0.,1.,0.));
#3904=DIRECTION('',(1.,0.,0.));
#3905=DIRECTION('',(0.,-1.,0.));
#3906=DIRECTION('',(1.,0.,0.));
#3907=DIRECTION('',(0.,-1.,0.));
#3908=DIRECTION('',(1.,0.,0.));
#3909=DIRECTION('',(0.,-1.,0.));
#3910=DIRECTION('',(-1.,0.,0.));
#3911=DIRECTION('',(0.,0.,1.));
#3912=DIRECTION('',(1.,0.,0.));
#3913=DIRECTION('',(0.,-1.,0.));
#3914=DIRECTION('',(0.5,0.866025403784439,0.));
#3915=DIRECTION('',(1.,0.,0.));
#3916=DIRECTION('',(0.5,-0.866025403784439,0.));
#3917=DIRECTION('',(0.,1.,0.));
#3918=DIRECTION('',(-0.5,-0.866025403784439,0.));
#3919=DIRECTION('',(-1.,0.,0.));
#3920=DIRECTION('',(-0.5,0.866025403784439,0.));
#3921=DIRECTION('',(0.,-1.,0.));
#3922=DIRECTION('',(0.,-1.,0.));
#3923=DIRECTION('',(-1.,0.,0.));
#3924=DIRECTION('',(0.,-1.,0.));
#3925=DIRECTION('',(1.,0.,0.));
#3926=DIRECTION('',(0.,-1.,0.));
#3927=DIRECTION('',(-1.,0.,0.));
#3928=DIRECTION('',(0.,-1.,0.));
#3929=DIRECTION('',(1.,0.,0.));
#3930=DIRECTION('',(0.,1.,0.));
#3931=DIRECTION('',(-1.,0.,0.));
#3932=DIRECTION('',(0.,1.,0.));
#3933=DIRECTION('',(0.,0.,1.));
#3934=DIRECTION('',(0.,-1.,0.));
#3935=DIRECTION('',(0.,0.,-1.));
#3936=DIRECTION('',(0.374606593415917,0.,-0.927183854566786));
#3937=DIRECTION('',(0.,0.,-1.));
#3938=DIRECTION('',(1.,0.,0.));
#3939=DIRECTION('',(0.,0.,-1.));
#3940=DIRECTION('',(1.,0.,0.));
#3941=DIRECTION('',(0.,0.,-1.));
#3942=DIRECTION('',(-0.374606593415912,0.,-0.927183854566788));
#3943=DIRECTION('',(0.,1.,0.));
#3944=DIRECTION('',(0.,0.,1.));
#3945=DIRECTION('',(0.,-1.,0.));
#3946=DIRECTION('',(0.,0.,-1.));
#3947=DIRECTION('',(-0.374606593415912,0.,0.927183854566788));
#3948=DIRECTION('',(0.,0.,1.));
#3949=DIRECTION('',(1.,0.,0.));
#3950=DIRECTION('',(0.,0.,-1.));
#3951=DIRECTION('',(1.,0.,0.));
#3952=DIRECTION('',(0.,0.,1.));
#3953=DIRECTION('',(0.374606593415907,0.,0.927183854566789));
#3954=DIRECTION('',(1.,0.,0.));
#3955=DIRECTION('',(0.,0.,-1.));
#3956=DIRECTION('',(0.,0.,1.));
#3957=DIRECTION('',(0.,-1.,0.));
#3958=DIRECTION('',(0.,0.,-1.));
#3959=DIRECTION('',(0.,-1.,0.));
#3960=DIRECTION('',(1.,0.,0.));
#3961=DIRECTION('',(0.,0.,-1.));
#3962=DIRECTION('',(0.,0.,-1.));
#3963=DIRECTION('',(0.,1.,0.));
#3964=DIRECTION('',(0.,0.,1.));
#3965=DIRECTION('',(0.,1.,0.));
#3966=DIRECTION('',(-1.,0.,0.));
#3967=DIRECTION('',(0.,0.,1.));
#3968=DIRECTION('',(0.,0.,-1.));
#3969=DIRECTION('',(0.,-1.,0.));
#3970=DIRECTION('',(0.,0.,1.));
#3971=DIRECTION('',(0.,-1.,0.));
#3972=DIRECTION('',(-1.,0.,0.));
#3973=DIRECTION('',(0.,0.,1.));
#3974=DIRECTION('',(0.,0.,1.));
#3975=DIRECTION('',(0.,1.,0.));
#3976=DIRECTION('',(0.,0.,-1.));
#3977=DIRECTION('',(0.,1.,0.));
#3978=DIRECTION('',(0.,1.,0.));
#3979=DIRECTION('',(0.,0.,1.));
#3980=DIRECTION('',(-1.,0.,0.));
#3981=DIRECTION('',(0.,1.,0.));
#3982=DIRECTION('',(0.,0.,1.));
#3983=DIRECTION('',(-1.,0.,0.));
#3984=DIRECTION('',(0.927183854566788,0.,-0.374606593415912));
#3985=DIRECTION('',(-0.374606593415912,0.,-0.927183854566788));
#3986=DIRECTION('',(-0.374606593415912,0.,-0.927183854566788));
#3987=DIRECTION('',(0.,-1.,0.));
#3988=DIRECTION('',(0.927183854566788,0.,-0.374606593415912));
#3989=DIRECTION('',(-0.374606593415912,0.,-0.927183854566788));
#3990=DIRECTION('',(0.,-1.,0.));
#3991=DIRECTION('',(0.374606593415912,0.,0.927183854566788));
#3992=DIRECTION('',(-0.374606593415912,0.,-0.927183854566788));
#3993=DIRECTION('',(-0.927183854566788,0.,-0.374606593415912));
#3994=DIRECTION('',(-0.374606593415912,0.,0.927183854566788));
#3995=DIRECTION('',(0.,-1.,0.));
#3996=DIRECTION('',(-0.374606593415912,0.,0.927183854566788));
#3997=DIRECTION('',(-0.927183854566788,0.,-0.374606593415912));
#3998=DIRECTION('',(-0.374606593415912,0.,0.927183854566788));
#3999=DIRECTION('',(0.374606593415912,0.,-0.927183854566788));
#4000=DIRECTION('',(0.,-1.,0.));
#4001=DIRECTION('',(-0.374606593415912,0.,0.927183854566788));
#4002=DIRECTION('',(0.927183854566785,0.,0.374606593415917));
#4003=DIRECTION('',(0.374606593415917,0.,-0.927183854566786));
#4004=DIRECTION('',(0.,-1.,0.));
#4005=DIRECTION('',(0.374606593415917,0.,-0.927183854566786));
#4006=DIRECTION('',(0.927183854566785,0.,0.374606593415917));
#4007=DIRECTION('',(0.374606593415917,0.,-0.927183854566786));
#4008=DIRECTION('',(-0.374606593415917,0.,0.927183854566786));
#4009=DIRECTION('',(0.,-1.,0.));
#4010=DIRECTION('',(0.374606593415917,0.,-0.927183854566786));
#4011=DIRECTION('',(-0.927183854566789,0.,0.374606593415907));
#4012=DIRECTION('',(0.374606593415907,0.,0.927183854566789));
#4013=DIRECTION('',(0.374606593415907,0.,0.927183854566789));
#4014=DIRECTION('',(0.,-1.,0.));
#4015=DIRECTION('',(-0.927183854566789,0.,0.374606593415907));
#4016=DIRECTION('',(0.374606593415907,0.,0.927183854566789));
#4017=DIRECTION('',(0.,-1.,0.));
#4018=DIRECTION('',(-0.374606593415907,0.,-0.927183854566789));
#4019=DIRECTION('',(0.374606593415907,0.,0.927183854566789));
#4020=DIRECTION('',(1.,0.,0.));
#4021=DIRECTION('',(0.,0.,-1.));
#4022=DIRECTION('',(0.,0.,-1.));
#4023=DIRECTION('',(0.,0.,-1.));
#4024=DIRECTION('',(0.866025403784439,0.5,0.));
#4025=DIRECTION('',(-0.5,0.866025403784439,0.));
#4026=DIRECTION('',(0.,0.,-1.));
#4027=DIRECTION('',(-0.866025403784439,0.5,0.));
#4028=DIRECTION('',(-0.5,-0.866025403784439,0.));
#4029=DIRECTION('',(0.,0.,-1.));
#4030=DIRECTION('',(0.,0.,-1.));
#4031=DIRECTION('',(-1.,0.,0.));
#4032=DIRECTION('',(0.,0.,1.));
#4033=DIRECTION('',(0.,0.,-1.));
#4034=DIRECTION('',(-0.866025403784439,-0.5,0.));
#4035=DIRECTION('',(0.5,-0.866025403784439,0.));
#4036=DIRECTION('',(0.,0.,-1.));
#4037=DIRECTION('',(0.866025403784439,-0.5,0.));
#4038=DIRECTION('',(0.5,0.866025403784439,0.));
#4039=DIRECTION('',(0.,0.,-1.));
#4040=DIRECTION('',(0.,0.,1.));
#4041=DIRECTION('',(1.,0.,0.));
#4042=DIRECTION('',(-1.,0.,0.));
#4043=DIRECTION('',(0.,1.,0.));
#4044=DIRECTION('',(1.,0.,0.));
#4045=DIRECTION('',(0.,-1.,0.));
#4046=DIRECTION('',(-1.,0.,0.));
#4047=DIRECTION('',(0.,1.,0.));
#4048=DIRECTION('',(1.,0.,0.));
#4049=DIRECTION('',(0.,-1.,0.));
#4050=DIRECTION('',(0.,1.,0.));
#4051=DIRECTION('',(0.,-1.,0.));
#4052=DIRECTION('',(0.,0.,1.));
#4053=DIRECTION('',(1.,0.,0.));
#4054=DIRECTION('',(-1.,0.,0.));
#4055=DIRECTION('',(0.,1.,0.));
#4056=DIRECTION('',(1.,0.,0.));
#4057=DIRECTION('',(0.,-1.,0.));
#4058=DIRECTION('',(-1.,0.,0.));
#4059=DIRECTION('',(0.,1.,0.));
#4060=DIRECTION('',(1.,0.,0.));
#4061=DIRECTION('',(0.,-1.,0.));
#4062=DIRECTION('',(0.,-1.,0.));
#4063=DIRECTION('',(0.,1.,0.));
#4064=DIRECTION('',(0.,0.,1.));
#4065=DIRECTION('',(1.,0.,0.));
#4066=DIRECTION('',(-1.,0.,0.));
#4067=DIRECTION('',(0.,-1.,0.));
#4068=DIRECTION('',(1.,0.,0.));
#4069=DIRECTION('',(0.,1.,0.));
#4070=DIRECTION('',(-1.,0.,0.));
#4071=DIRECTION('',(0.,-1.,0.));
#4072=DIRECTION('',(1.,0.,0.));
#4073=DIRECTION('',(0.,1.,0.));
#4074=DIRECTION('',(0.,1.,0.));
#4075=DIRECTION('',(0.,-1.,0.));
#4076=DIRECTION('',(0.,0.,1.));
#4077=DIRECTION('',(1.,0.,0.));
#4078=DIRECTION('',(-1.,0.,0.));
#4079=DIRECTION('',(0.,-1.,0.));
#4080=DIRECTION('',(1.,0.,0.));
#4081=DIRECTION('',(0.,1.,0.));
#4082=DIRECTION('',(-1.,0.,0.));
#4083=DIRECTION('',(0.,-1.,0.));
#4084=DIRECTION('',(1.,0.,0.));
#4085=DIRECTION('',(0.,1.,0.));
#4086=DIRECTION('',(0.,-1.,0.));
#4087=DIRECTION('',(0.,1.,0.));
#4088=DIRECTION('',(1.,0.,0.));
#4089=DIRECTION('',(0.,0.,-1.));
#4090=DIRECTION('',(0.,-1.,0.));
#4091=DIRECTION('',(0.,0.,-1.));
#4092=DIRECTION('',(0.,0.,-1.));
#4093=DIRECTION('',(0.,0.,-1.));
#4094=DIRECTION('',(-1.,0.,0.));
#4095=DIRECTION('',(0.,0.,1.));
#4096=DIRECTION('',(0.,0.,-1.));
#4097=DIRECTION('',(0.,1.,0.));
#4098=DIRECTION('',(0.,0.,1.));
#4099=DIRECTION('',(0.,0.,-1.));
#4100=DIRECTION('',(0.,-1.,0.));
#4101=DIRECTION('',(0.,0.,-1.));
#4102=DIRECTION('',(0.,0.,-1.));
#4103=DIRECTION('',(0.,0.,-1.));
#4104=DIRECTION('',(-1.,0.,0.));
#4105=DIRECTION('',(0.,0.,1.));
#4106=DIRECTION('',(0.,0.,-1.));
#4107=DIRECTION('',(0.,1.,0.));
#4108=DIRECTION('',(0.,0.,1.));
#4109=DIRECTION('',(0.,0.,-1.));
#4110=DIRECTION('',(0.,-1.,0.));
#4111=DIRECTION('',(0.,0.,-1.));
#4112=DIRECTION('',(0.,0.,-1.));
#4113=DIRECTION('',(0.,0.,-1.));
#4114=DIRECTION('',(-1.,0.,0.));
#4115=DIRECTION('',(0.,0.,1.));
#4116=DIRECTION('',(0.,0.,-1.));
#4117=DIRECTION('',(0.,1.,0.));
#4118=DIRECTION('',(0.,0.,1.));
#4119=DIRECTION('',(0.,0.,-1.));
#4120=DIRECTION('',(0.,-1.,0.));
#4121=DIRECTION('',(0.,0.,-1.));
#4122=DIRECTION('',(0.,0.,-1.));
#4123=DIRECTION('',(0.,0.,-1.));
#4124=DIRECTION('',(-1.,0.,0.));
#4125=DIRECTION('',(0.,0.,1.));
#4126=DIRECTION('',(0.,0.,-1.));
#4127=DIRECTION('',(0.,1.,0.));
#4128=DIRECTION('',(0.,0.,1.));
#4129=DIRECTION('',(0.,0.,-1.));
#4130=DIRECTION('',(1.,0.,0.));
#4131=DIRECTION('',(0.,0.,-1.));
#4132=DIRECTION('',(1.,0.,0.));
#4133=DIRECTION('',(0.,0.,-1.));
#4134=DIRECTION('',(1.,0.,0.));
#4135=DIRECTION('',(0.,0.,-1.));
#4136=DIRECTION('',(1.,0.,0.));
#4137=DIRECTION('',(0.,0.,-1.));
#4138=DIRECTION('',(-1.,0.,0.));
#4139=DIRECTION('',(0.,0.,1.));
#4140=DIRECTION('',(1.,0.,0.));
#4141=DIRECTION('',(0.,0.,-1.));
#4142=DIRECTION('',(0.,0.,-1.));
#4143=DIRECTION('',(0.,0.,-1.));
#4144=DIRECTION('',(-1.,0.,0.));
#4145=DIRECTION('',(0.,0.,1.));
#4146=DIRECTION('',(0.,0.,-1.));
#4147=DIRECTION('',(0.,0.,-1.));
#4148=DIRECTION('',(1.,0.,0.));
#4149=DIRECTION('',(0.,0.,-1.));
#4150=DIRECTION('',(0.,0.,-1.));
#4151=DIRECTION('',(0.,0.,-1.));
#4152=DIRECTION('',(-1.,0.,0.));
#4153=DIRECTION('',(0.,0.,1.));
#4154=DIRECTION('',(0.,0.,-1.));
#4155=DIRECTION('',(0.,0.,-1.));
#4156=DIRECTION('',(0.,1.,0.));
#4157=DIRECTION('',(0.,0.,1.));
#4158=DIRECTION('',(0.,-1.,0.));
#4159=DIRECTION('',(0.,0.,-1.));
#4160=DIRECTION('',(0.,1.,0.));
#4161=DIRECTION('',(0.,0.,1.));
#4162=DIRECTION('',(0.,-1.,0.));
#4163=DIRECTION('',(0.,0.,-1.));
#4164=DIRECTION('',(0.,-1.,0.));
#4165=DIRECTION('',(0.,0.,-1.));
#4166=DIRECTION('',(0.,1.,0.));
#4167=DIRECTION('',(0.,0.,1.));
#4168=DIRECTION('',(0.,1.,0.));
#4169=DIRECTION('',(0.,0.,1.));
#4170=DIRECTION('',(0.,-1.,0.));
#4171=DIRECTION('',(0.,0.,-1.));
#4172=DIRECTION('',(0.,-1.,0.));
#4173=DIRECTION('',(0.,0.,-1.));
#4174=DIRECTION('',(0.,1.,0.));
#4175=DIRECTION('',(0.,0.,1.));
#4176=DIRECTION('',(0.,1.,0.));
#4177=DIRECTION('',(0.,0.,1.));
#4178=DIRECTION('',(1.,0.,0.));
#4179=DIRECTION('',(1.,0.,0.));
#4180=DIRECTION('',(0.,1.,0.));
#4181=DIRECTION('',(0.,0.,1.));
#4182=DIRECTION('',(0.,-1.,0.));
#4183=DIRECTION('',(0.,0.,-1.));
#4184=DIRECTION('',(0.,-1.,0.));
#4185=DIRECTION('',(0.,1.,0.));
#4186=DIRECTION('',(1.,0.,0.));
#4187=DIRECTION('',(0.,-1.,0.));
#4188=DIRECTION('',(0.,-1.,0.));
#4189=DIRECTION('',(0.,0.,-1.));
#4190=DIRECTION('',(0.,-1.,0.));
#4191=DIRECTION('',(0.,1.,0.));
#4192=DIRECTION('',(1.,0.,0.));
#4193=DIRECTION('',(0.,-1.,0.));
#4194=DIRECTION('',(0.,0.,1.));
#4195=DIRECTION('',(1.,0.,0.));
#4196=DIRECTION('',(-1.,0.,0.));
#4197=DIRECTION('',(0.,-1.,0.));
#4198=DIRECTION('',(-1.,0.,0.));
#4199=DIRECTION('',(1.,0.,0.));
#4200=DIRECTION('',(0.,0.,-1.));
#4201=DIRECTION('',(0.,0.,1.));
#4202=DIRECTION('',(0.,0.,1.));
#4203=DIRECTION('',(0.,-1.,0.));
#4204=DIRECTION('',(0.,0.,-1.));
#4205=DIRECTION('',(-1.,0.,0.));
#4206=DIRECTION('',(1.,0.,0.));
#4207=DIRECTION('',(1.,0.,0.));
#4208=DIRECTION('',(0.,0.,-1.));
#4209=DIRECTION('',(-1.,0.,0.));
#4210=DIRECTION('',(1.,0.,0.));
#4211=DIRECTION('',(0.,-1.,0.));
#4212=DIRECTION('',(1.,0.,0.));
#4213=DIRECTION('',(-1.,0.,0.));
#4214=DIRECTION('',(0.,0.,1.));
#4215=DIRECTION('',(0.,0.,-1.));
#4216=DIRECTION('',(0.,0.,-1.));
#4217=DIRECTION('',(0.,-1.,0.));
#4218=DIRECTION('',(0.,0.,1.));
#4219=DIRECTION('',(1.,0.,0.));
#4220=DIRECTION('',(-1.,0.,0.));
#4221=DIRECTION('',(-1.,0.,0.));
#4222=DIRECTION('',(0.,1.,0.));
#4223=DIRECTION('',(0.,0.,1.));
#4224=DIRECTION('',(0.,1.,0.));
#4225=DIRECTION('',(0.,0.,1.));
#4226=DIRECTION('',(1.,0.,0.));
#4227=DIRECTION('',(0.,1.,0.));
#4228=DIRECTION('',(0.,0.,1.));
#4229=DIRECTION('',(1.,0.,0.));
#4230=DIRECTION('',(1.,0.,0.));
#4231=DIRECTION('',(0.,0.,-1.));
#4232=DIRECTION('',(0.,-1.,0.));
#4233=DIRECTION('',(0.,0.,1.));
#4234=DIRECTION('',(0.,-1.,0.));
#4235=DIRECTION('',(-1.,0.,0.));
#4236=DIRECTION('',(0.,0.,1.));
#4237=DIRECTION('',(0.,-1.,0.));
#4238=DIRECTION('',(0.,0.,-1.));
#4239=DIRECTION('',(0.,-1.,0.));
#4240=DIRECTION('',(0.,0.,1.));
#4241=DIRECTION('',(1.,0.,0.));
#4242=DIRECTION('',(-1.,0.,0.));
#4243=DIRECTION('',(0.,-1.,0.));
#4244=DIRECTION('',(0.,0.,-1.));
#4245=DIRECTION('',(-1.,0.,0.));
#4246=DIRECTION('',(0.,-1.,0.));
#4247=DIRECTION('',(1.,0.,0.));
#4248=DIRECTION('',(0.,0.,-1.));
#4249=DIRECTION('',(-1.,0.,0.));
#4250=DIRECTION('',(1.,0.,0.));
#4251=DIRECTION('',(0.,-1.,0.));
#4252=DIRECTION('',(0.,0.,1.));
#4253=DIRECTION('',(1.,0.,0.));
#4254=DIRECTION('',(0.,-1.,0.));
#4255=DIRECTION('',(-1.,0.,0.));
#4256=DIRECTION('',(0.,-1.,0.));
#4257=DIRECTION('',(0.,0.,-1.));
#4258=DIRECTION('',(0.,1.,0.));
#4259=DIRECTION('',(1.,0.,0.));
#4260=DIRECTION('',(0.,-1.,0.));
#4261=DIRECTION('',(0.,0.,-1.));
#4262=DIRECTION('',(0.,1.,0.));
#4263=DIRECTION('',(1.,0.,0.));
#4264=DIRECTION('',(0.,1.,0.));
#4265=DIRECTION('',(0.,0.,1.));
#4266=DIRECTION('',(0.,-1.,0.));
#4267=DIRECTION('',(0.,0.,-1.));
#4268=DIRECTION('',(0.,-1.,0.));
#4269=DIRECTION('',(0.,0.,-1.));
#4270=DIRECTION('',(0.,-1.,0.));
#4271=DIRECTION('',(0.,0.,-1.));
#4272=DIRECTION('',(0.,-1.,0.));
#4273=DIRECTION('',(0.,0.,-1.));
#4274=DIRECTION('',(0.,-1.,0.));
#4275=DIRECTION('',(0.,0.,-1.));
#4276=DIRECTION('',(0.,1.,0.));
#4277=DIRECTION('',(0.,0.,1.));
#4278=DIRECTION('',(0.,-1.,0.));
#4279=DIRECTION('',(0.,0.,-1.));
#4280=DIRECTION('',(0.,1.,0.));
#4281=DIRECTION('',(0.,0.,1.));
#4282=DIRECTION('',(0.,0.,1.));
#4283=DIRECTION('',(1.,0.,0.));
#4284=DIRECTION('',(0.,0.,1.));
#4285=DIRECTION('',(1.,0.,0.));
#4286=DIRECTION('',(1.,0.,0.));
#4287=DIRECTION('',(0.,-1.,0.));
#4288=DIRECTION('',(-1.,0.,0.));
#4289=DIRECTION('',(0.,-1.,0.));
#4290=DIRECTION('',(1.,0.,0.));
#4291=DIRECTION('',(0.,0.,-1.));
#4292=DIRECTION('',(0.,6.82961998416066E-17,-1.));
#4293=DIRECTION('',(0.,-1.,0.));
#4294=DIRECTION('',(0.,0.,1.));
#4295=DIRECTION('',(1.65446220546528E-17,0.,-1.));
#4296=DIRECTION('',(-1.,0.,-1.65446220546528E-17));
#4297=DIRECTION('',(-1.,1.12993481414842E-33,-1.65446220546528E-17));
#4298=DIRECTION('',(0.,-1.,0.));
#4299=DIRECTION('',(1.,0.,1.65446220546528E-17));
#4300=DIRECTION('',(0.,0.,1.));
#4301=DIRECTION('',(1.,0.,0.));
#4302=DIRECTION('',(0.,-1.,0.));
#4303=DIRECTION('',(1.,0.,0.));
#4304=DIRECTION('',(0.,-1.,0.));
#4305=DIRECTION('',(-1.,0.,0.));
#4306=DIRECTION('',(-1.,0.,0.));
#4307=DIRECTION('',(0.,0.,1.));
#4308=DIRECTION('',(0.,-6.82961998416066E-17,1.));
#4309=DIRECTION('',(0.,-1.,0.));
#4310=DIRECTION('',(0.,0.,-1.));
#4311=DIRECTION('',(-3.00599471133832E-17,0.,-1.));
#4312=DIRECTION('',(-1.,0.,3.00599471133832E-17));
#4313=DIRECTION('',(-1.,-2.05298015528374E-33,3.00599471133832E-17));
#4314=DIRECTION('',(0.,-1.,0.));
#4315=DIRECTION('',(1.,0.,-3.00599471133832E-17));
#4316=DIRECTION('',(1.,0.,0.));
#4317=DIRECTION('',(0.,0.,-1.));
#4318=DIRECTION('',(0.,6.82961998416066E-17,-1.));
#4319=DIRECTION('',(0.,0.,1.));
#4320=DIRECTION('',(-1.,0.,0.));
#4321=DIRECTION('',(0.,0.,1.));
#4322=DIRECTION('',(0.,-6.82961998416066E-17,1.));
#4323=DIRECTION('',(0.,0.,-1.));
#4324=DIRECTION('',(0.,0.,1.));
#4325=DIRECTION('',(1.,0.,0.));
#4326=DIRECTION('',(0.,1.,0.));
#4327=DIRECTION('',(-1.,0.,0.));
#4328=DIRECTION('',(0.,1.,0.));
#4329=DIRECTION('',(-1.,0.,0.));
#4330=DIRECTION('',(0.,0.,1.));
#4331=DIRECTION('',(1.,0.,0.));
#4332=DIRECTION('',(0.,-1.,0.));
#4333=DIRECTION('',(-1.,0.,0.));
#4334=DIRECTION('',(0.,1.,0.));
#4335=DIRECTION('',(-1.,0.,0.));
#4336=DIRECTION('',(0.,-1.,0.));
#4337=DIRECTION('',(0.,0.,-1.));
#4338=DIRECTION('',(0.,0.,1.));
#4339=DIRECTION('',(0.,0.,1.));
#4340=DIRECTION('',(-1.,0.,0.));
#4341=DIRECTION('',(0.,-1.,0.));
#4342=DIRECTION('',(0.,0.,-1.));
#4343=DIRECTION('',(0.,0.,-1.));
#4344=DIRECTION('',(-1.,0.,0.));
#4345=DIRECTION('',(0.,0.,1.));
#4346=DIRECTION('',(0.,-1.25188438039131E-17,-1.));
#4347=DIRECTION('',(0.,1.,-1.25188438039131E-17));
#4348=DIRECTION('',(0.,-1.,1.25188438039131E-17));
#4349=DIRECTION('',(0.,-1.,1.25188438039131E-17));
#4350=DIRECTION('',(1.,0.,0.));
#4351=DIRECTION('',(0.,-1.25188438039131E-17,-1.));
#4352=DIRECTION('',(0.,1.,-1.25188438039131E-17));
#4353=DIRECTION('',(0.,1.,-1.25188438039131E-17));
#4354=DIRECTION('',(1.,0.,0.));
#4355=DIRECTION('',(0.,-1.,1.25188438039131E-17));
#4356=DIRECTION('',(0.,0.,1.));
#4357=DIRECTION('',(1.,0.,0.));
#4358=DIRECTION('',(0.,1.,0.));
#4359=DIRECTION('',(1.,0.,0.));
#4360=DIRECTION('',(0.,1.,0.));
#4361=DIRECTION('',(-1.,0.,0.));
#4362=DIRECTION('',(0.,0.,1.));
#4363=DIRECTION('',(1.,0.,0.));
#4364=DIRECTION('',(0.,-1.,0.));
#4365=DIRECTION('',(-1.,0.,0.));
#4366=DIRECTION('',(0.,1.,0.));
#4367=DIRECTION('',(1.,0.,0.));
#4368=DIRECTION('',(0.,-1.,0.));
#4369=DIRECTION('',(0.,0.,-1.));
#4370=DIRECTION('',(0.,0.,1.));
#4371=DIRECTION('',(0.,0.,1.));
#4372=DIRECTION('',(-1.,0.,0.));
#4373=DIRECTION('',(0.,-1.,0.));
#4374=DIRECTION('',(0.,0.,-1.));
#4375=DIRECTION('',(0.,0.,-1.));
#4376=DIRECTION('',(-1.,0.,0.));
#4377=DIRECTION('',(0.,0.,1.));
#4378=DIRECTION('',(0.,3.88046590009128E-17,-1.));
#4379=DIRECTION('',(0.,1.,3.88046590009128E-17));
#4380=DIRECTION('',(0.,-1.,-3.88046590009128E-17));
#4381=DIRECTION('',(0.,-1.,-3.88046590009128E-17));
#4382=DIRECTION('',(-1.,0.,0.));
#4383=DIRECTION('',(0.,3.88046590009128E-17,-1.));
#4384=DIRECTION('',(0.,1.,3.88046590009128E-17));
#4385=DIRECTION('',(0.,1.,3.88046590009128E-17));
#4386=DIRECTION('',(-1.,0.,0.));
#4387=DIRECTION('',(0.,-1.,-3.88046590009128E-17));
#4388=DIRECTION('',(1.,0.,0.));
#4389=DIRECTION('',(0.,0.,-1.));
#4390=DIRECTION('',(0.,0.,1.));
#4391=DIRECTION('',(1.,0.,0.));
#4392=DIRECTION('',(0.,0.,-1.));
#4393=DIRECTION('',(0.,0.,1.));
#4394=DIRECTION('',(0.,1.,0.));
#4395=DIRECTION('',(0.,0.,1.));
#4396=DIRECTION('',(0.,0.,-1.));
#4397=DIRECTION('',(0.,0.,-1.));
#4398=DIRECTION('',(0.,0.,-1.));
#4399=DIRECTION('',(0.,0.,-1.));
#4400=DIRECTION('',(0.,0.,-1.));
#4401=DIRECTION('',(0.,0.,-1.));
#4402=DIRECTION('',(1.,0.,0.));
#4403=DIRECTION('',(0.,0.,-1.));
#4404=DIRECTION('',(1.,0.,0.));
#4405=DIRECTION('',(0.,0.,-1.));
#4406=DIRECTION('',(-1.,0.,0.));
#4407=DIRECTION('',(0.,0.,1.));
#4408=DIRECTION('',(1.,0.,0.));
#4409=DIRECTION('',(0.,0.,-1.));
#4410=DIRECTION('',(1.,0.,0.));
#4411=DIRECTION('',(0.,0.,-1.));
#4412=DIRECTION('',(-1.,0.,0.));
#4413=DIRECTION('',(0.,0.,1.));
#4414=DIRECTION('',(0.,-1.,-6.82961998416066E-17));
#4415=DIRECTION('',(0.,6.82961998416066E-17,-1.));
#4416=DIRECTION('',(0.,-1.,0.));
#4417=DIRECTION('',(1.,0.,0.));
#4418=DIRECTION('',(0.,0.,1.));
#4419=DIRECTION('',(1.,0.,0.));
#4420=DIRECTION('',(-1.,0.,0.));
#4421=DIRECTION('',(0.,-1.,0.));
#4422=DIRECTION('',(-1.,0.,0.));
#4423=DIRECTION('',(0.,-1.,0.));
#4424=DIRECTION('',(1.,0.,0.));
#4425=DIRECTION('',(0.,0.,-1.));
#4426=DIRECTION('',(0.,6.82961998416066E-17,1.));
#4427=DIRECTION('',(0.,0.,1.));
#4428=DIRECTION('',(0.,-1.,0.));
#4429=DIRECTION('',(1.65446220546528E-17,0.,-1.));
#4430=DIRECTION('',(-1.,0.,-1.65446220546528E-17));
#4431=DIRECTION('',(1.,1.12993481414842E-33,1.65446220546528E-17));
#4432=DIRECTION('',(1.,0.,1.65446220546528E-17));
#4433=DIRECTION('',(0.,-1.,0.));
#4434=DIRECTION('',(0.,0.,1.));
#4435=DIRECTION('',(1.,0.,0.));
#4436=DIRECTION('',(0.,-1.,0.));
#4437=DIRECTION('',(-1.,0.,0.));
#4438=DIRECTION('',(0.,-1.,0.));
#4439=DIRECTION('',(-1.,0.,0.));
#4440=DIRECTION('',(-1.,0.,0.));
#4441=DIRECTION('',(0.,0.,1.));
#4442=DIRECTION('',(0.,-1.,0.));
#4443=DIRECTION('',(0.,-6.82961998416066E-17,-1.));
#4444=DIRECTION('',(0.,0.,-1.));
#4445=DIRECTION('',(-3.00599471133832E-17,0.,-1.));
#4446=DIRECTION('',(-1.,0.,3.00599471133832E-17));
#4447=DIRECTION('',(0.,-1.,0.));
#4448=DIRECTION('',(1.,-2.05298015528374E-33,-3.00599471133832E-17));
#4449=DIRECTION('',(1.,0.,-3.00599471133832E-17));
#4450=DIRECTION('',(1.,0.,0.));
#4451=DIRECTION('',(0.,0.,-1.));
#4452=DIRECTION('',(0.,6.82961998416066E-17,1.));
#4453=DIRECTION('',(0.,0.,1.));
#4454=DIRECTION('',(-1.,0.,0.));
#4455=DIRECTION('',(0.,0.,1.));
#4456=DIRECTION('',(0.,-6.82961998416066E-17,-1.));
#4457=DIRECTION('',(0.,0.,-1.));
#4458=DIRECTION('',(-1.,0.,0.));
#4459=DIRECTION('',(0.,0.,1.));
#4460=DIRECTION('',(-1.,0.,0.));
#4461=DIRECTION('',(1.,0.,0.));
#4462=DIRECTION('',(0.,0.,-1.));
#4463=DIRECTION('',(-1.,0.,0.));
#4464=DIRECTION('',(1.,0.,0.));
#4465=DIRECTION('',(0.,0.,-1.));
#4466=DIRECTION('',(-1.,0.,0.));
#4467=DIRECTION('',(0.,0.,1.));
#4468=DIRECTION('',(-1.,0.,0.));
#4469=DIRECTION('',(-1.,0.,0.));
#4470=DIRECTION('',(0.,0.,1.));
#4471=DIRECTION('',(-1.,0.,0.));
#4472=DIRECTION('',(1.,0.,0.));
#4473=DIRECTION('',(0.,0.,-1.));
#4474=DIRECTION('',(0.,-0.707106753107475,-0.707106809265619));
#4475=DIRECTION('',(0.,0.707106809265619,-0.707106753107475));
#4476=DIRECTION('',(0.,-0.707106809265619,0.707106753107475));
#4477=DIRECTION('',(0.,-0.707106809265619,0.707106753107475));
#4478=DIRECTION('',(-1.,0.,0.));
#4479=DIRECTION('',(0.,-0.707106753107475,-0.707106809265619));
#4480=DIRECTION('',(0.,0.707106809265619,-0.707106753107475));
#4481=DIRECTION('',(0.,0.707106809265619,-0.707106753107475));
#4482=DIRECTION('',(-1.,0.,0.));
#4483=DIRECTION('',(0.,-0.707106809265619,0.707106753107475));
#4484=DIRECTION('',(-1.,0.,0.));
#4485=DIRECTION('',(0.,0.,1.));
#4486=DIRECTION('',(1.,0.,0.));
#4487=DIRECTION('',(0.,0.,-1.));
#4488=DIRECTION('',(1.,0.,0.));
#4489=DIRECTION('',(0.,0.,-1.));
#4490=DIRECTION('',(-1.,0.,0.));
#4491=DIRECTION('',(-1.,0.,0.));
#4492=DIRECTION('',(0.,0.,1.));
#4493=DIRECTION('',(-1.,0.,0.));
#4494=DIRECTION('',(0.,0.,1.));
#4495=DIRECTION('',(-1.,0.,0.));
#4496=DIRECTION('',(1.,0.,0.));
#4497=DIRECTION('',(0.,0.,-1.));
#4498=DIRECTION('',(0.,0.,-1.));
#4499=DIRECTION('',(-1.,0.,0.));
#4500=DIRECTION('',(0.,-1.,0.));
#4501=DIRECTION('',(0.,-1.,0.));
#4502=DIRECTION('',(-1.,0.,0.));
#4503=DIRECTION('',(0.,0.,-1.));
#4504=DIRECTION('',(-1.,0.,0.));
#4505=DIRECTION('',(0.,1.,0.));
#4506=DIRECTION('',(-1.,0.,0.));
#4507=DIRECTION('',(0.,-1.,0.));
#4508=DIRECTION('',(0.,1.,0.));
#4509=DIRECTION('',(0.,0.,1.));
#4510=DIRECTION('',(0.,0.,-1.));
#4511=DIRECTION('',(0.,0.,-1.));
#4512=DIRECTION('',(-1.,0.,0.));
#4513=DIRECTION('',(0.,1.,0.));
#4514=DIRECTION('',(0.,0.,1.));
#4515=DIRECTION('',(0.,0.,1.));
#4516=DIRECTION('',(-1.,0.,0.));
#4517=DIRECTION('',(0.,0.,-1.));
#4518=DIRECTION('',(0.,0.,1.));
#4519=DIRECTION('',(1.,0.,0.));
#4520=DIRECTION('',(0.,1.,0.));
#4521=DIRECTION('',(0.,1.,0.));
#4522=DIRECTION('',(-1.,0.,0.));
#4523=DIRECTION('',(0.,0.,1.));
#4524=DIRECTION('',(1.,0.,0.));
#4525=DIRECTION('',(0.,-1.,0.));
#4526=DIRECTION('',(-1.,0.,0.));
#4527=DIRECTION('',(0.,1.,0.));
#4528=DIRECTION('',(-1.,0.,0.));
#4529=DIRECTION('',(0.,0.,1.));
#4530=DIRECTION('',(-1.,0.,0.));
#4531=DIRECTION('',(1.,0.,0.));
#4532=DIRECTION('',(0.,0.,-1.));
#4533=DIRECTION('',(1.,0.,0.));
#4534=DIRECTION('',(0.,0.,-1.));
#4535=DIRECTION('',(-1.,0.,0.));
#4536=DIRECTION('',(0.,0.,1.));
#4537=DIRECTION('',(-1.,0.,0.));
#4538=DIRECTION('',(0.,0.,1.));
#4539=DIRECTION('',(-1.,0.,0.));
#4540=DIRECTION('',(1.,0.,0.));
#4541=DIRECTION('',(0.,0.,-1.));
#4542=DIRECTION('',(0.,0.707106753107474,0.707106809265619));
#4543=DIRECTION('',(0.,-0.707106809265619,0.707106753107475));
#4544=DIRECTION('',(0.,0.707106809265619,-0.707106753107475));
#4545=DIRECTION('',(0.,0.707106809265619,-0.707106753107475));
#4546=DIRECTION('',(-1.,0.,0.));
#4547=DIRECTION('',(0.,0.707106753107474,0.707106809265619));
#4548=DIRECTION('',(0.,-0.707106809265619,0.707106753107475));
#4549=DIRECTION('',(0.,-0.707106809265619,0.707106753107475));
#4550=DIRECTION('',(-1.,0.,0.));
#4551=DIRECTION('',(0.,0.707106809265619,-0.707106753107475));
#4552=DIRECTION('',(-1.,0.,0.));
#4553=DIRECTION('',(0.,0.,1.));
#4554=DIRECTION('',(1.,0.,0.));
#4555=DIRECTION('',(0.,0.,-1.));
#4556=DIRECTION('',(1.,0.,0.));
#4557=DIRECTION('',(0.,0.,-1.));
#4558=DIRECTION('',(-1.,0.,0.));
#4559=DIRECTION('',(-1.,0.,0.));
#4560=DIRECTION('',(0.,0.,1.));
#4561=DIRECTION('',(-1.,0.,0.));
#4562=DIRECTION('',(0.,0.,1.));
#4563=DIRECTION('',(-1.,0.,0.));
#4564=DIRECTION('',(1.,0.,0.));
#4565=DIRECTION('',(0.,0.,-1.));
#4566=DIRECTION('',(0.,-1.25188438039131E-17,-1.));
#4567=DIRECTION('',(0.,1.,-1.25188438039131E-17));
#4568=DIRECTION('',(0.,-1.,1.25188438039131E-17));
#4569=DIRECTION('',(1.,0.,0.));
#4570=DIRECTION('',(0.,-1.,1.25188438039131E-17));
#4571=DIRECTION('',(0.,-1.25188438039131E-17,-1.));
#4572=DIRECTION('',(0.,1.,-1.25188438039131E-17));
#4573=DIRECTION('',(0.,1.,-1.25188438039131E-17));
#4574=DIRECTION('',(0.,-1.,1.25188438039131E-17));
#4575=DIRECTION('',(1.,0.,0.));
#4576=DIRECTION('',(0.,0.,1.));
#4577=DIRECTION('',(1.,0.,0.));
#4578=DIRECTION('',(0.,1.,0.));
#4579=DIRECTION('',(0.,1.,0.));
#4580=DIRECTION('',(-1.,0.,0.));
#4581=DIRECTION('',(0.,0.,1.));
#4582=DIRECTION('',(1.,0.,0.));
#4583=DIRECTION('',(0.,-1.,0.));
#4584=DIRECTION('',(-1.,0.,0.));
#4585=DIRECTION('',(0.,1.,0.));
#4586=DIRECTION('',(-1.,0.,0.));
#4587=DIRECTION('',(0.,0.,1.));
#4588=DIRECTION('',(-1.,0.,0.));
#4589=DIRECTION('',(1.,0.,0.));
#4590=DIRECTION('',(0.,0.,-1.));
#4591=DIRECTION('',(-1.,0.,0.));
#4592=DIRECTION('',(1.,0.,0.));
#4593=DIRECTION('',(0.,0.,-1.));
#4594=DIRECTION('',(-1.,0.,0.));
#4595=DIRECTION('',(0.,0.,1.));
#4596=DIRECTION('',(-1.,0.,0.));
#4597=DIRECTION('',(-1.,0.,0.));
#4598=DIRECTION('',(0.,0.,1.));
#4599=DIRECTION('',(-1.,0.,0.));
#4600=DIRECTION('',(1.,0.,0.));
#4601=DIRECTION('',(0.,0.,-1.));
#4602=DIRECTION('',(0.,-0.804906634196453,-0.59340147474247));
#4603=DIRECTION('',(0.,0.59340147474247,-0.804906634196453));
#4604=DIRECTION('',(0.,-0.59340147474247,0.804906634196453));
#4605=DIRECTION('',(0.,-0.59340147474247,0.804906634196453));
#4606=DIRECTION('',(-1.,0.,0.));
#4607=DIRECTION('',(0.,-0.804906634196453,-0.59340147474247));
#4608=DIRECTION('',(0.,0.59340147474247,-0.804906634196453));
#4609=DIRECTION('',(0.,0.59340147474247,-0.804906634196453));
#4610=DIRECTION('',(-1.,0.,0.));
#4611=DIRECTION('',(0.,-0.59340147474247,0.804906634196453));
#4612=DIRECTION('',(-1.,0.,0.));
#4613=DIRECTION('',(0.,0.,1.));
#4614=DIRECTION('',(1.,0.,0.));
#4615=DIRECTION('',(0.,0.,-1.));
#4616=DIRECTION('',(1.,0.,0.));
#4617=DIRECTION('',(0.,0.,-1.));
#4618=DIRECTION('',(-1.,0.,0.));
#4619=DIRECTION('',(-1.,0.,0.));
#4620=DIRECTION('',(0.,0.,1.));
#4621=DIRECTION('',(-1.,0.,0.));
#4622=DIRECTION('',(0.,0.,1.));
#4623=DIRECTION('',(-1.,0.,0.));
#4624=DIRECTION('',(1.,0.,0.));
#4625=DIRECTION('',(0.,0.,-1.));
#4626=DIRECTION('',(0.,0.,-1.));
#4627=DIRECTION('',(-1.,0.,0.));
#4628=DIRECTION('',(0.,-1.,0.));
#4629=DIRECTION('',(0.,-1.,0.));
#4630=DIRECTION('',(-1.,0.,0.));
#4631=DIRECTION('',(0.,0.,-1.));
#4632=DIRECTION('',(-1.,0.,0.));
#4633=DIRECTION('',(0.,1.,0.));
#4634=DIRECTION('',(-1.,0.,0.));
#4635=DIRECTION('',(0.,-1.,0.));
#4636=DIRECTION('',(0.,1.,0.));
#4637=DIRECTION('',(0.,0.,1.));
#4638=DIRECTION('',(0.,0.,-1.));
#4639=DIRECTION('',(0.,0.,-1.));
#4640=DIRECTION('',(-1.,0.,0.));
#4641=DIRECTION('',(0.,1.,0.));
#4642=DIRECTION('',(0.,0.,1.));
#4643=DIRECTION('',(0.,0.,1.));
#4644=DIRECTION('',(-1.,0.,0.));
#4645=DIRECTION('',(0.,0.,-1.));
#4646=DIRECTION('',(0.,0.,1.));
#4647=DIRECTION('',(1.,0.,0.));
#4648=DIRECTION('',(0.,1.,0.));
#4649=DIRECTION('',(0.,1.,0.));
#4650=DIRECTION('',(-1.,0.,0.));
#4651=DIRECTION('',(0.,0.,1.));
#4652=DIRECTION('',(1.,0.,0.));
#4653=DIRECTION('',(0.,-1.,0.));
#4654=DIRECTION('',(-1.,0.,0.));
#4655=DIRECTION('',(0.,1.,0.));
#4656=DIRECTION('',(-1.,0.,0.));
#4657=DIRECTION('',(0.,0.,1.));
#4658=DIRECTION('',(-1.,0.,0.));
#4659=DIRECTION('',(1.,0.,0.));
#4660=DIRECTION('',(0.,0.,-1.));
#4661=DIRECTION('',(1.,0.,0.));
#4662=DIRECTION('',(0.,0.,-1.));
#4663=DIRECTION('',(-1.,0.,0.));
#4664=DIRECTION('',(0.,0.,1.));
#4665=DIRECTION('',(-1.,0.,0.));
#4666=DIRECTION('',(0.,0.,1.));
#4667=DIRECTION('',(-1.,0.,0.));
#4668=DIRECTION('',(1.,0.,0.));
#4669=DIRECTION('',(0.,0.,-1.));
#4670=DIRECTION('',(0.,0.804906634196453,0.59340147474247));
#4671=DIRECTION('',(0.,-0.59340147474247,0.804906634196453));
#4672=DIRECTION('',(0.,0.59340147474247,-0.804906634196453));
#4673=DIRECTION('',(0.,0.59340147474247,-0.804906634196453));
#4674=DIRECTION('',(-1.,0.,0.));
#4675=DIRECTION('',(0.,0.804906634196453,0.59340147474247));
#4676=DIRECTION('',(0.,-0.59340147474247,0.804906634196453));
#4677=DIRECTION('',(0.,-0.59340147474247,0.804906634196453));
#4678=DIRECTION('',(-1.,0.,0.));
#4679=DIRECTION('',(0.,0.59340147474247,-0.804906634196453));
#4680=DIRECTION('',(-1.,0.,0.));
#4681=DIRECTION('',(0.,0.,1.));
#4682=DIRECTION('',(1.,0.,0.));
#4683=DIRECTION('',(0.,0.,-1.));
#4684=DIRECTION('',(1.,0.,0.));
#4685=DIRECTION('',(0.,0.,-1.));
#4686=DIRECTION('',(-1.,0.,0.));
#4687=DIRECTION('',(-1.,0.,0.));
#4688=DIRECTION('',(0.,0.,1.));
#4689=DIRECTION('',(-1.,0.,0.));
#4690=DIRECTION('',(0.,0.,1.));
#4691=DIRECTION('',(-1.,0.,0.));
#4692=DIRECTION('',(1.,0.,0.));
#4693=DIRECTION('',(0.,0.,-1.));
#4694=DIRECTION('',(0.,3.88046590009128E-17,-1.));
#4695=DIRECTION('',(0.,1.,3.88046590009128E-17));
#4696=DIRECTION('',(0.,-1.,-3.88046590009128E-17));
#4697=DIRECTION('',(-1.,0.,0.));
#4698=DIRECTION('',(0.,-1.,-3.88046590009128E-17));
#4699=DIRECTION('',(0.,3.88046590009128E-17,-1.));
#4700=DIRECTION('',(0.,1.,3.88046590009128E-17));
#4701=DIRECTION('',(0.,1.,3.88046590009128E-17));
#4702=DIRECTION('',(0.,-1.,-3.88046590009128E-17));
#4703=DIRECTION('',(-1.,0.,0.));
#4704=DIRECTION('',(0.,0.,1.));
#4705=DIRECTION('',(1.,0.,0.));
#4706=DIRECTION('',(0.,1.,0.));
#4707=DIRECTION('',(0.,1.,0.));
#4708=DIRECTION('',(1.,0.,0.));
#4709=DIRECTION('',(0.,0.,1.));
#4710=DIRECTION('',(1.,0.,0.));
#4711=DIRECTION('',(0.,-1.,0.));
#4712=DIRECTION('',(1.,0.,0.));
#4713=DIRECTION('',(0.,1.,0.));
#4714=DIRECTION('',(0.,1.,0.));
#4715=DIRECTION('',(0.,0.,1.));
#4716=DIRECTION('',(0.,0.,-1.));
#4717=DIRECTION('',(0.,0.,1.));
#4718=DIRECTION('',(0.,0.,-1.));
#4719=DIRECTION('',(0.,0.,-1.));
#4720=DIRECTION('',(0.,0.,-1.));
#4721=DIRECTION('',(0.,0.,-1.));
#4722=DIRECTION('',(0.,0.,-1.));
#4723=DIRECTION('',(0.,0.,1.));
#4724=DIRECTION('',(1.,0.,0.));
#4725=DIRECTION('',(0.,0.,-1.));
#4726=DIRECTION('',(1.,0.,0.));
#4727=DIRECTION('',(0.,0.,-1.));
#4728=DIRECTION('',(1.,0.,0.));
#4729=DIRECTION('',(0.,0.,-1.));
#4730=DIRECTION('',(1.,0.,0.));
#4731=DIRECTION('',(0.,0.,-1.));
#4732=DIRECTION('',(-1.,0.,0.));
#4733=DIRECTION('',(0.,0.,1.));
#4734=DIRECTION('',(1.,0.,0.));
#4735=DIRECTION('',(0.,0.,-1.));
#4736=DIRECTION('',(1.,0.,0.));
#4737=DIRECTION('',(0.,0.,-1.));
#4738=DIRECTION('',(-1.,0.,0.));
#4739=DIRECTION('',(0.,0.,1.));
#4740=DIRECTION('',(0.,1.,-6.82961998416066E-17));
#4741=DIRECTION('',(0.,6.82961998416066E-17,1.));
#4742=DIRECTION('',(0.,-1.,0.));
#4743=DIRECTION('',(1.,0.,0.));
#4744=CARTESIAN_POINT('',(0.,0.,0.));
#4745=CARTESIAN_POINT('',(0.1,0.12,0.05));
#4746=CARTESIAN_POINT('',(0.1,0.12,-0.006));
#4747=CARTESIAN_POINT('',(-0.0125,0.12,-0.006));
#4748=CARTESIAN_POINT('',(-0.025,0.12,-0.006));
#4749=CARTESIAN_POINT('',(-0.0125,0.12,0.05));
#4750=CARTESIAN_POINT('',(-0.0125,0.12,-0.025));
#4751=CARTESIAN_POINT('',(0.0293368246366863,0.12,0.0785497760475675));
#4752=CARTESIAN_POINT('',(-0.02,0.12,-0.04356315));
#4753=CARTESIAN_POINT('',(-0.02,0.12,0.05));
#4754=CARTESIAN_POINT('',(-0.02,0.12,-0.05));
#4755=CARTESIAN_POINT('',(0.1,0.12,-0.05));
#4756=CARTESIAN_POINT('',(-0.1,0.12,-0.05));
#4757=CARTESIAN_POINT('',(-0.1,0.12,0.05));
#4758=CARTESIAN_POINT('',(-0.1,0.12,0.05));
#4759=CARTESIAN_POINT('',(0.1,0.12,0.05));
#4760=CARTESIAN_POINT('',(-0.02,0.12,0.05));
#4761=CARTESIAN_POINT('',(-0.02,0.12,0.05));
#4762=CARTESIAN_POINT('',(-0.02,0.12,0.04356315));
#4763=CARTESIAN_POINT('',(-0.00539609388626318,0.12,0.00741721396936461));
#4764=CARTESIAN_POINT('',(-0.0125,0.12,0.0249999985993781));
#4765=CARTESIAN_POINT('',(-0.0125,0.12,0.05));
#4766=CARTESIAN_POINT('',(-0.0125,0.12,0.006));
#4767=CARTESIAN_POINT('',(0.1,0.12,0.006));
#4768=CARTESIAN_POINT('',(-0.025,0.12,0.006));
#4769=CARTESIAN_POINT('',(-0.025,0.12,0.05));
#4770=CARTESIAN_POINT('',(0.1,0.12,0.05));
#4771=CARTESIAN_POINT('',(0.1,0.12,0.006));
#4772=CARTESIAN_POINT('',(0.0125,0.12,0.006));
#4773=CARTESIAN_POINT('',(0.025,0.12,0.006));
#4774=CARTESIAN_POINT('',(0.0125,0.12,0.05));
#4775=CARTESIAN_POINT('',(0.0125000005658883,0.12,0.025));
#4776=CARTESIAN_POINT('',(0.0334621138523982,0.12,0.0768830510152645));
#4777=CARTESIAN_POINT('',(0.02,0.12,0.04356315));
#4778=CARTESIAN_POINT('',(0.02,0.12,0.05));
#4779=CARTESIAN_POINT('',(0.02,0.12,0.05));
#4780=CARTESIAN_POINT('',(0.1,0.12,0.05));
#4781=CARTESIAN_POINT('',(0.1,0.12,0.05));
#4782=CARTESIAN_POINT('',(0.1,0.12,0.05));
#4783=CARTESIAN_POINT('',(0.1,0.12,-0.05));
#4784=CARTESIAN_POINT('',(0.1,0.12,-0.05));
#4785=CARTESIAN_POINT('',(0.02,0.12,-0.05));
#4786=CARTESIAN_POINT('',(0.02,0.12,0.05));
#4787=CARTESIAN_POINT('',(0.02,0.12,-0.04356315));
#4788=CARTESIAN_POINT('',(-0.00127080467055143,0.12,0.00908393900166775));
#4789=CARTESIAN_POINT('',(0.0125,0.12,-0.0249999985993778));
#4790=CARTESIAN_POINT('',(0.0125,0.12,0.05));
#4791=CARTESIAN_POINT('',(0.0125,0.12,-0.006));
#4792=CARTESIAN_POINT('',(0.1,0.12,-0.006));
#4793=CARTESIAN_POINT('',(0.025,0.12,-0.006));
#4794=CARTESIAN_POINT('',(0.025,0.12,0.05));
#4795=CARTESIAN_POINT('',(-0.0125,0.135,-0.1));
#4796=CARTESIAN_POINT('',(-0.0125,0.135,-0.006));
#4797=CARTESIAN_POINT('',(-0.0125,0.105,-0.006));
#4798=CARTESIAN_POINT('',(-0.0125,0.105,-0.1));
#4799=CARTESIAN_POINT('',(-0.0125,0.105,-0.025));
#4800=CARTESIAN_POINT('',(-0.0125000005658881,0.2,-0.025));
#4801=CARTESIAN_POINT('',(-0.0125,0.135,-0.1));
#4802=CARTESIAN_POINT('',(-0.0125,0.105,-0.1));
#4803=CARTESIAN_POINT('',(-0.0125,0.105,0.006));
#4804=CARTESIAN_POINT('',(-0.0125,0.105,0.025));
#4805=CARTESIAN_POINT('',(-0.0125,0.135,0.006));
#4806=CARTESIAN_POINT('',(-0.012500000565888,0.2,0.025));
#4807=CARTESIAN_POINT('',(0.0125,0.135,0.1));
#4808=CARTESIAN_POINT('',(0.0125,0.135,0.006));
#4809=CARTESIAN_POINT('',(0.0125,0.105,0.006));
#4810=CARTESIAN_POINT('',(0.0125,0.105,0.1));
#4811=CARTESIAN_POINT('',(0.0125,0.105,0.025));
#4812=CARTESIAN_POINT('',(0.0125000005658883,0.2,0.025));
#4813=CARTESIAN_POINT('',(0.0125,0.135,0.1));
#4814=CARTESIAN_POINT('',(0.0125,0.105,0.1));
#4815=CARTESIAN_POINT('',(0.0125,0.105,-0.006));
#4816=CARTESIAN_POINT('',(0.0125,0.105,-0.025));
#4817=CARTESIAN_POINT('',(0.0125,0.135,-0.006));
#4818=CARTESIAN_POINT('',(0.0125000005658881,0.2,-0.025));
#4819=CARTESIAN_POINT('',(0.,0.105,0.));
#4820=CARTESIAN_POINT('',(5.33564061262551E-19,0.105,-7.46989685767572E-18));
#4821=CARTESIAN_POINT('',(0.008,0.105,0.006));
#4822=CARTESIAN_POINT('',(-0.008,0.105,0.006));
#4823=CARTESIAN_POINT('',(0.,0.105,0.006));
#4824=CARTESIAN_POINT('',(0.0125000005658883,0.105,0.025));
#4825=CARTESIAN_POINT('',(0.,0.105,0.006));
#4826=CARTESIAN_POINT('',(-0.0125000005658881,0.2,-0.025));
#4827=CARTESIAN_POINT('',(0.0608220939223063,0.157667469009694,-0.025));
#4828=CARTESIAN_POINT('',(-0.0100000023312505,0.035,-0.025));
#4829=CARTESIAN_POINT('',(-0.015,0.02633975,-0.025));
#4830=CARTESIAN_POINT('',(-0.015,0.02633975,-0.025));
#4831=CARTESIAN_POINT('',(-0.015,-0.02633975,-0.025));
#4832=CARTESIAN_POINT('',(-0.112382986834581,0.142332530990306,-0.025));
#4833=CARTESIAN_POINT('',(-0.0100000023312505,-0.035,-0.025));
#4834=CARTESIAN_POINT('',(-0.0125000005658881,-0.035,-0.025));
#4835=CARTESIAN_POINT('',(0.0100000023312505,-0.035,-0.025));
#4836=CARTESIAN_POINT('',(0.106132986551637,0.131507212952927,-0.025));
#4837=CARTESIAN_POINT('',(0.015,-0.02633975,-0.025));
#4838=CARTESIAN_POINT('',(0.015,-0.02633975,-0.025));
#4839=CARTESIAN_POINT('',(0.015,0.02633975,-0.025));
#4840=CARTESIAN_POINT('',(-0.0670720942052503,0.168492787047073,-0.025));
#4841=CARTESIAN_POINT('',(0.0100000023312505,0.035,-0.025));
#4842=CARTESIAN_POINT('',(-0.0125000005658881,0.035,-0.025));
#4843=CARTESIAN_POINT('',(-0.0125000005658881,0.2,-0.025));
#4844=CARTESIAN_POINT('',(-0.0125000005658881,0.035,-0.025));
#4845=CARTESIAN_POINT('',(-0.0125000005658881,0.105,-0.025));
#4846=CARTESIAN_POINT('',(0.0125000005658881,0.2,-0.025));
#4847=CARTESIAN_POINT('',(0.0125000005658881,0.035,-0.025));
#4848=CARTESIAN_POINT('',(0.02,0.035,-0.025));
#4849=CARTESIAN_POINT('',(0.02,0.035,-0.025));
#4850=CARTESIAN_POINT('',(0.02,-0.035,-0.025));
#4851=CARTESIAN_POINT('',(0.02,-0.035,-0.025));
#4852=CARTESIAN_POINT('',(-0.02,-0.035,-0.025));
#4853=CARTESIAN_POINT('',(0.0125000005658881,-0.035,-0.025));
#4854=CARTESIAN_POINT('',(0.0125000005658881,0.2,-0.025));
#4855=CARTESIAN_POINT('',(0.0125,-0.105,-0.025));
#4856=CARTESIAN_POINT('',(-0.0125000005658881,-0.105,-0.025));
#4857=CARTESIAN_POINT('',(-0.0125,-0.105,-0.025));
#4858=CARTESIAN_POINT('',(-0.0125000005658881,0.2,-0.025));
#4859=CARTESIAN_POINT('',(-0.0125000005658881,-0.035,-0.025));
#4860=CARTESIAN_POINT('',(-0.02,-0.035,-0.025));
#4861=CARTESIAN_POINT('',(-0.02,-0.035,-0.025));
#4862=CARTESIAN_POINT('',(-0.02,0.035,-0.025));
#4863=CARTESIAN_POINT('',(-0.02,0.035,-0.025));
#4864=CARTESIAN_POINT('',(0.02,0.035,-0.025));
#4865=CARTESIAN_POINT('',(0.0125000005658883,0.2,0.025));
#4866=CARTESIAN_POINT('',(-0.015,0.02633975,0.025));
#4867=CARTESIAN_POINT('',(-0.015,0.02633975,0.025));
#4868=CARTESIAN_POINT('',(-0.015,-0.02633975,0.025));
#4869=CARTESIAN_POINT('',(0.0670720942052503,0.168492787047073,0.025));
#4870=CARTESIAN_POINT('',(-0.0100000023312505,0.035,0.025));
#4871=CARTESIAN_POINT('',(0.0125000005658883,0.035,0.025));
#4872=CARTESIAN_POINT('',(0.0100000023312505,0.035,0.025));
#4873=CARTESIAN_POINT('',(-0.0608220939223062,0.157667469009694,0.025));
#4874=CARTESIAN_POINT('',(0.015,0.02633975,0.025));
#4875=CARTESIAN_POINT('',(0.015,-0.02633975,0.025));
#4876=CARTESIAN_POINT('',(0.015,-0.02633975,0.025));
#4877=CARTESIAN_POINT('',(0.112382986834582,0.142332530990306,0.025));
#4878=CARTESIAN_POINT('',(0.0100000023312505,-0.035,0.025));
#4879=CARTESIAN_POINT('',(0.0125000005658883,-0.035,0.025));
#4880=CARTESIAN_POINT('',(-0.0100000023312505,-0.035,0.025));
#4881=CARTESIAN_POINT('',(-0.106132986551637,0.131507212952927,0.025));
#4882=CARTESIAN_POINT('',(0.0125000005658883,0.2,0.025));
#4883=CARTESIAN_POINT('',(0.0125000005658883,0.035,0.025));
#4884=CARTESIAN_POINT('',(-0.012500000565888,0.2,0.025));
#4885=CARTESIAN_POINT('',(-0.012500000565888,0.035,0.025));
#4886=CARTESIAN_POINT('',(0.02,0.035,0.025));
#4887=CARTESIAN_POINT('',(-0.02,0.035,0.025));
#4888=CARTESIAN_POINT('',(-0.02,0.035,0.025));
#4889=CARTESIAN_POINT('',(-0.02,-0.035,0.025));
#4890=CARTESIAN_POINT('',(-0.02,-0.035,0.025));
#4891=CARTESIAN_POINT('',(-0.012500000565888,-0.035,0.025));
#4892=CARTESIAN_POINT('',(-0.012500000565888,0.2,0.025));
#4893=CARTESIAN_POINT('',(-0.0125,-0.105,0.025));
#4894=CARTESIAN_POINT('',(0.0125000005658883,-0.105,0.025));
#4895=CARTESIAN_POINT('',(0.0125,-0.105,0.025));
#4896=CARTESIAN_POINT('',(0.0125000005658883,0.2,0.025));
#4897=CARTESIAN_POINT('',(0.0125000005658883,-0.035,0.025));
#4898=CARTESIAN_POINT('',(-0.02,-0.035,0.025));
#4899=CARTESIAN_POINT('',(0.02,-0.035,0.025));
#4900=CARTESIAN_POINT('',(0.02,-0.035,0.025));
#4901=CARTESIAN_POINT('',(0.02,0.035,0.025));
#4902=CARTESIAN_POINT('',(0.02,0.035,0.025));
#4903=CARTESIAN_POINT('',(-0.1,-0.12,0.05));
#4904=CARTESIAN_POINT('',(0.,-0.12,0.));
#4905=CARTESIAN_POINT('',(-0.0136455083666142,-0.12,0.027835231298063));
#4906=CARTESIAN_POINT('',(-0.0136455083666142,-0.12,-0.0278352312980629));
#4907=CARTESIAN_POINT('',(-0.0334621138523988,-0.12,0.0768830510152651));
#4908=CARTESIAN_POINT('',(-0.02,-0.12,0.04356315));
#4909=CARTESIAN_POINT('',(-0.02,-0.12,0.05));
#4910=CARTESIAN_POINT('',(-0.02,-0.12,0.05));
#4911=CARTESIAN_POINT('',(-0.1,-0.12,0.05));
#4912=CARTESIAN_POINT('',(-0.1,-0.12,0.05));
#4913=CARTESIAN_POINT('',(-0.1,-0.12,0.05));
#4914=CARTESIAN_POINT('',(-0.1,-0.12,-0.05));
#4915=CARTESIAN_POINT('',(-0.1,-0.12,-0.05));
#4916=CARTESIAN_POINT('',(-0.02,-0.12,-0.05));
#4917=CARTESIAN_POINT('',(-0.02,-0.12,0.05));
#4918=CARTESIAN_POINT('',(-0.02,-0.12,-0.04356315));
#4919=CARTESIAN_POINT('',(0.00127080467055143,-0.12,0.00908393900166775));
#4920=CARTESIAN_POINT('',(-0.1,-0.12,0.05));
#4921=CARTESIAN_POINT('',(0.,-0.12,0.));
#4922=CARTESIAN_POINT('',(0.0136455083666142,-0.12,-0.0278352312980629));
#4923=CARTESIAN_POINT('',(0.0136455083666143,-0.12,0.0278352312980629));
#4924=CARTESIAN_POINT('',(-0.0293368246366863,-0.12,0.0785497760475675));
#4925=CARTESIAN_POINT('',(0.02,-0.12,-0.04356315));
#4926=CARTESIAN_POINT('',(0.02,-0.12,0.05));
#4927=CARTESIAN_POINT('',(0.02,-0.12,-0.05));
#4928=CARTESIAN_POINT('',(-0.1,-0.12,-0.05));
#4929=CARTESIAN_POINT('',(0.1,-0.12,-0.05));
#4930=CARTESIAN_POINT('',(0.1,-0.12,0.05));
#4931=CARTESIAN_POINT('',(0.1,-0.12,0.05));
#4932=CARTESIAN_POINT('',(-0.1,-0.12,0.05));
#4933=CARTESIAN_POINT('',(0.02,-0.12,0.05));
#4934=CARTESIAN_POINT('',(0.02,-0.12,0.05));
#4935=CARTESIAN_POINT('',(0.02,-0.12,0.04356315));
#4936=CARTESIAN_POINT('',(0.00539609388626402,-0.12,0.00741721396936552));
#4937=CARTESIAN_POINT('',(-0.0125,-0.105,-0.1));
#4938=CARTESIAN_POINT('',(-0.0125,-0.105,-0.1));
#4939=CARTESIAN_POINT('',(-0.0125,-0.105,-0.006));
#4940=CARTESIAN_POINT('',(-0.0125,-0.105,-0.006));
#4941=CARTESIAN_POINT('',(-0.0125,-0.12,-0.006));
#4942=CARTESIAN_POINT('',(-0.0125,-0.12,0.05));
#4943=CARTESIAN_POINT('',(-0.0125,-0.12,-0.0249999985993779));
#4944=CARTESIAN_POINT('',(-0.0125,0.2,-0.025));
#4945=CARTESIAN_POINT('',(-0.0125,-0.105,-0.1));
#4946=CARTESIAN_POINT('',(-0.0125,-0.12,0.05));
#4947=CARTESIAN_POINT('',(-0.0125,-0.12,0.025));
#4948=CARTESIAN_POINT('',(-0.0125,-0.12,0.006));
#4949=CARTESIAN_POINT('',(-0.0125,-0.105,0.006));
#4950=CARTESIAN_POINT('',(-0.0125,-0.105,0.006));
#4951=CARTESIAN_POINT('',(-0.0125,-0.105,-0.1));
#4952=CARTESIAN_POINT('',(-0.0125,0.2,0.025));
#4953=CARTESIAN_POINT('',(0.0125,-0.105,0.1));
#4954=CARTESIAN_POINT('',(0.0125,-0.105,0.1));
#4955=CARTESIAN_POINT('',(0.0125,-0.105,0.006));
#4956=CARTESIAN_POINT('',(0.0125,-0.105,0.006));
#4957=CARTESIAN_POINT('',(0.0125,-0.12,0.006));
#4958=CARTESIAN_POINT('',(0.0125,-0.12,0.05));
#4959=CARTESIAN_POINT('',(0.0125,-0.12,0.0249999985993773));
#4960=CARTESIAN_POINT('',(0.0125,0.2,0.025));
#4961=CARTESIAN_POINT('',(0.0125,-0.105,0.1));
#4962=CARTESIAN_POINT('',(0.0125,-0.12,0.05));
#4963=CARTESIAN_POINT('',(0.0125000005658881,-0.12,-0.025));
#4964=CARTESIAN_POINT('',(0.0125,-0.12,-0.006));
#4965=CARTESIAN_POINT('',(0.0125,-0.105,-0.006));
#4966=CARTESIAN_POINT('',(0.0125,-0.105,-0.006));
#4967=CARTESIAN_POINT('',(0.0125,-0.105,0.1));
#4968=CARTESIAN_POINT('',(0.0125,0.2,-0.025));
#4969=CARTESIAN_POINT('',(0.,-0.105,0.));
#4970=CARTESIAN_POINT('',(0.,-0.105,0.006));
#4971=CARTESIAN_POINT('',(-0.008,-0.105,0.006));
#4972=CARTESIAN_POINT('',(5.33564061262551E-19,-0.105,-7.46989685767572E-18));
#4973=CARTESIAN_POINT('',(0.008,-0.105,0.006));
#4974=CARTESIAN_POINT('',(0.,-0.105,0.006));
#4975=CARTESIAN_POINT('',(-0.02,0.2,-0.04356315));
#4976=CARTESIAN_POINT('',(-0.02,0.035,-0.04356315));
#4977=CARTESIAN_POINT('',(-0.02,0.035,-0.04356315));
#4978=CARTESIAN_POINT('',(-0.02,0.2,-0.04356315));
#4979=CARTESIAN_POINT('',(-0.02,0.2,-0.04356315));
#4980=CARTESIAN_POINT('',(-0.02,0.2,-0.04356315));
#4981=CARTESIAN_POINT('',(-0.02,-0.035,-0.04356315));
#4982=CARTESIAN_POINT('',(-0.02,-0.035,-0.04356315));
#4983=CARTESIAN_POINT('',(0.00127080467055143,-0.12,0.00908393900166775));
#4984=CARTESIAN_POINT('',(0.0125000005658881,0.2,-0.025));
#4985=CARTESIAN_POINT('',(0.02,0.2,-0.04356315));
#4986=CARTESIAN_POINT('',(0.02,0.035,-0.04356315));
#4987=CARTESIAN_POINT('',(0.0125000005658881,0.035,-0.025));
#4988=CARTESIAN_POINT('',(0.0125000005658881,0.2,-0.025));
#4989=CARTESIAN_POINT('',(0.0125000005658881,-0.035,-0.025));
#4990=CARTESIAN_POINT('',(0.02,-0.035,-0.04356315));
#4991=CARTESIAN_POINT('',(0.02,0.2,-0.04356315));
#4992=CARTESIAN_POINT('',(-0.0293368246366863,-0.12,0.0785497760475675));
#4993=CARTESIAN_POINT('',(-0.012500000565888,0.2,0.025));
#4994=CARTESIAN_POINT('',(-0.02,0.2,0.04356315));
#4995=CARTESIAN_POINT('',(-0.02,0.035,0.04356315));
#4996=CARTESIAN_POINT('',(-0.012500000565888,0.035,0.025));
#4997=CARTESIAN_POINT('',(-0.012500000565888,0.2,0.025));
#4998=CARTESIAN_POINT('',(-0.012500000565888,-0.035,0.025));
#4999=CARTESIAN_POINT('',(-0.02,-0.035,0.04356315));
#5000=CARTESIAN_POINT('',(-0.02,0.2,0.04356315));
#5001=CARTESIAN_POINT('',(-0.0334621138523988,-0.12,0.0768830510152651));
#5002=CARTESIAN_POINT('',(0.02,0.2,0.04356315));
#5003=CARTESIAN_POINT('',(0.02,0.035,0.04356315));
#5004=CARTESIAN_POINT('',(0.02,0.035,0.04356315));
#5005=CARTESIAN_POINT('',(0.02,0.2,0.04356315));
#5006=CARTESIAN_POINT('',(0.02,0.2,0.04356315));
#5007=CARTESIAN_POINT('',(0.02,0.2,0.04356315));
#5008=CARTESIAN_POINT('',(0.02,-0.035,0.04356315));
#5009=CARTESIAN_POINT('',(0.02,-0.035,0.04356315));
#5010=CARTESIAN_POINT('',(0.00539609388626402,-0.12,0.00741721396936552));
#5011=CARTESIAN_POINT('',(-0.015,0.02633975,0.1));
#5012=CARTESIAN_POINT('',(-0.015,0.02633975,0.1));
#5013=CARTESIAN_POINT('',(-0.015,-0.02633975,0.1));
#5014=CARTESIAN_POINT('',(-0.015,-0.02633975,0.1));
#5015=CARTESIAN_POINT('',(-0.0100000023312505,-0.035,0.1));
#5016=CARTESIAN_POINT('',(0.0100000023312505,-0.035,0.1));
#5017=CARTESIAN_POINT('',(0.015,-0.02633975,0.1));
#5018=CARTESIAN_POINT('',(0.0100000023312505,-0.035,0.1));
#5019=CARTESIAN_POINT('',(0.015,-0.02633975,0.1));
#5020=CARTESIAN_POINT('',(0.015,0.02633975,0.1));
#5021=CARTESIAN_POINT('',(0.015,0.02633975,0.1));
#5022=CARTESIAN_POINT('',(0.0100000023312505,0.035,0.1));
#5023=CARTESIAN_POINT('',(-0.0100000023312505,0.035,0.1));
#5024=CARTESIAN_POINT('',(-0.0100000023312505,0.035,0.1));
#5025=CARTESIAN_POINT('',(0.,0.,0.05));
#5026=CARTESIAN_POINT('',(-0.0375,0.0625,0.05));
#5027=CARTESIAN_POINT('',(-0.0375,0.0625,0.05));
#5028=CARTESIAN_POINT('',(-0.0625,0.0625,0.05));
#5029=CARTESIAN_POINT('',(-0.0375,0.0375,0.05));
#5030=CARTESIAN_POINT('',(-0.0375,0.0375,0.05));
#5031=CARTESIAN_POINT('',(-0.0625,0.0375,0.05));
#5032=CARTESIAN_POINT('',(-0.0625,0.0375,0.05));
#5033=CARTESIAN_POINT('',(-0.0625,0.0625,0.05));
#5034=CARTESIAN_POINT('',(-0.0375,-0.0375,0.05));
#5035=CARTESIAN_POINT('',(-0.0375,-0.0375,0.05));
#5036=CARTESIAN_POINT('',(-0.0625,-0.0375,0.05));
#5037=CARTESIAN_POINT('',(-0.0375,-0.0625,0.05));
#5038=CARTESIAN_POINT('',(-0.0375,-0.0625,0.05));
#5039=CARTESIAN_POINT('',(-0.0625,-0.0625,0.05));
#5040=CARTESIAN_POINT('',(-0.0625,-0.0625,0.05));
#5041=CARTESIAN_POINT('',(-0.0625,-0.0375,0.05));
#5042=CARTESIAN_POINT('',(-0.02,0.,0.05));
#5043=CARTESIAN_POINT('',(-0.1,0.12,0.05));
#5044=CARTESIAN_POINT('',(0.,0.,0.05));
#5045=CARTESIAN_POINT('',(0.0625,-0.0375,0.05));
#5046=CARTESIAN_POINT('',(0.0625,-0.0375,0.05));
#5047=CARTESIAN_POINT('',(0.0375,-0.0375,0.05));
#5048=CARTESIAN_POINT('',(0.0625,-0.0625,0.05));
#5049=CARTESIAN_POINT('',(0.0625,-0.0625,0.05));
#5050=CARTESIAN_POINT('',(0.0375,-0.0625,0.05));
#5051=CARTESIAN_POINT('',(0.0375,-0.0625,0.05));
#5052=CARTESIAN_POINT('',(0.0375,-0.0375,0.05));
#5053=CARTESIAN_POINT('',(0.0625,0.0625,0.05));
#5054=CARTESIAN_POINT('',(0.0625,0.0625,0.05));
#5055=CARTESIAN_POINT('',(0.0375,0.0625,0.05));
#5056=CARTESIAN_POINT('',(0.0625,0.0375,0.05));
#5057=CARTESIAN_POINT('',(0.0625,0.0375,0.05));
#5058=CARTESIAN_POINT('',(0.0375,0.0375,0.05));
#5059=CARTESIAN_POINT('',(0.0375,0.0375,0.05));
#5060=CARTESIAN_POINT('',(0.0375,0.0625,0.05));
#5061=CARTESIAN_POINT('',(0.02,0.,0.05));
#5062=CARTESIAN_POINT('',(0.1,-0.12,0.05));
#5063=CARTESIAN_POINT('',(0.,0.,-0.05));
#5064=CARTESIAN_POINT('',(-0.0375,-0.0375,-0.05));
#5065=CARTESIAN_POINT('',(-0.0375,-0.0375,-0.05));
#5066=CARTESIAN_POINT('',(-0.0625,-0.0375,-0.05));
#5067=CARTESIAN_POINT('',(-0.0625,-0.0375,-0.05));
#5068=CARTESIAN_POINT('',(-0.0625,-0.0625,-0.05));
#5069=CARTESIAN_POINT('',(-0.0625,-0.0625,-0.05));
#5070=CARTESIAN_POINT('',(-0.0375,-0.0625,-0.05));
#5071=CARTESIAN_POINT('',(-0.0375,-0.0625,-0.05));
#5072=CARTESIAN_POINT('',(-0.0375,0.0625,-0.05));
#5073=CARTESIAN_POINT('',(-0.0375,0.0625,-0.05));
#5074=CARTESIAN_POINT('',(-0.0625,0.0625,-0.05));
#5075=CARTESIAN_POINT('',(-0.0625,0.0625,-0.05));
#5076=CARTESIAN_POINT('',(-0.0625,0.0375,-0.05));
#5077=CARTESIAN_POINT('',(-0.0625,0.0375,-0.05));
#5078=CARTESIAN_POINT('',(-0.0375,0.0375,-0.05));
#5079=CARTESIAN_POINT('',(-0.0375,0.0375,-0.05));
#5080=CARTESIAN_POINT('',(-0.02,0.,-0.05));
#5081=CARTESIAN_POINT('',(-0.1,0.12,-0.05));
#5082=CARTESIAN_POINT('',(0.,0.,-0.05));
#5083=CARTESIAN_POINT('',(0.0625,-0.0375,-0.05));
#5084=CARTESIAN_POINT('',(0.0625,-0.0375,-0.05));
#5085=CARTESIAN_POINT('',(0.0375,-0.0375,-0.05));
#5086=CARTESIAN_POINT('',(0.0375,-0.0375,-0.05));
#5087=CARTESIAN_POINT('',(0.0375,-0.0625,-0.05));
#5088=CARTESIAN_POINT('',(0.0375,-0.0625,-0.05));
#5089=CARTESIAN_POINT('',(0.0625,-0.0625,-0.05));
#5090=CARTESIAN_POINT('',(0.0625,-0.0625,-0.05));
#5091=CARTESIAN_POINT('',(0.0625,0.0625,-0.05));
#5092=CARTESIAN_POINT('',(0.0625,0.0625,-0.05));
#5093=CARTESIAN_POINT('',(0.0375,0.0625,-0.05));
#5094=CARTESIAN_POINT('',(0.0375,0.0625,-0.05));
#5095=CARTESIAN_POINT('',(0.0375,0.0375,-0.05));
#5096=CARTESIAN_POINT('',(0.0375,0.0375,-0.05));
#5097=CARTESIAN_POINT('',(0.0625,0.0375,-0.05));
#5098=CARTESIAN_POINT('',(0.0625,0.0375,-0.05));
#5099=CARTESIAN_POINT('',(0.02,0.,-0.05));
#5100=CARTESIAN_POINT('',(0.1,-0.12,-0.05));
#5101=CARTESIAN_POINT('',(-0.1,0.12,0.05));
#5102=CARTESIAN_POINT('',(0.0625,-0.0375,0.05));
#5103=CARTESIAN_POINT('',(0.0625,-0.0375,0.05));
#5104=CARTESIAN_POINT('',(0.0375,-0.0375,0.05));
#5105=CARTESIAN_POINT('',(0.0625,-0.0625,0.05));
#5106=CARTESIAN_POINT('',(0.0625,-0.0625,0.05));
#5107=CARTESIAN_POINT('',(0.0375,-0.0625,0.05));
#5108=CARTESIAN_POINT('',(0.0375,-0.0625,0.05));
#5109=CARTESIAN_POINT('',(0.0625,0.0625,0.05));
#5110=CARTESIAN_POINT('',(0.0625,0.0625,0.05));
#5111=CARTESIAN_POINT('',(0.0375,0.0625,0.05));
#5112=CARTESIAN_POINT('',(0.0625,0.0375,0.05));
#5113=CARTESIAN_POINT('',(0.0625,0.0375,0.05));
#5114=CARTESIAN_POINT('',(0.0375,0.0375,0.05));
#5115=CARTESIAN_POINT('',(0.0375,0.0375,0.05));
#5116=CARTESIAN_POINT('',(-0.0375,-0.0375,0.05));
#5117=CARTESIAN_POINT('',(-0.0375,-0.0375,0.05));
#5118=CARTESIAN_POINT('',(-0.0625,-0.0375,0.05));
#5119=CARTESIAN_POINT('',(-0.0375,-0.0625,0.05));
#5120=CARTESIAN_POINT('',(-0.0375,-0.0625,0.05));
#5121=CARTESIAN_POINT('',(-0.0625,-0.0625,0.05));
#5122=CARTESIAN_POINT('',(-0.0625,-0.0625,0.05));
#5123=CARTESIAN_POINT('',(-0.0375,0.0625,0.05));
#5124=CARTESIAN_POINT('',(-0.0375,0.0625,0.05));
#5125=CARTESIAN_POINT('',(-0.0625,0.0625,0.05));
#5126=CARTESIAN_POINT('',(-0.0375,0.0375,0.05));
#5127=CARTESIAN_POINT('',(-0.0375,0.0375,0.05));
#5128=CARTESIAN_POINT('',(-0.0625,0.0375,0.05));
#5129=CARTESIAN_POINT('',(-0.0625,0.0375,0.05));
#5130=CARTESIAN_POINT('',(0.0375,-0.0375,0.05));
#5131=CARTESIAN_POINT('',(0.0375,0.0625,0.05));
#5132=CARTESIAN_POINT('',(-0.0625,-0.0375,0.05));
#5133=CARTESIAN_POINT('',(-0.0625,0.0625,0.05));
#5134=CARTESIAN_POINT('',(0.1,-0.12,0.05));
#5135=CARTESIAN_POINT('',(-0.02,0.2,-0.055));
#5136=CARTESIAN_POINT('',(-0.02,0.035,-0.025));
#5137=CARTESIAN_POINT('',(-0.02,-0.035,-0.025));
#5138=CARTESIAN_POINT('',(0.02,0.2,-0.04356315));
#5139=CARTESIAN_POINT('',(0.02,-0.035,-0.025));
#5140=CARTESIAN_POINT('',(0.02,0.035,-0.025));
#5141=CARTESIAN_POINT('',(-0.02,0.2,0.04356315));
#5142=CARTESIAN_POINT('',(-0.02,-0.035,0.075));
#5143=CARTESIAN_POINT('',(-0.02,0.035,0.075));
#5144=CARTESIAN_POINT('',(0.02,0.2,0.055));
#5145=CARTESIAN_POINT('',(0.02,0.035,0.075));
#5146=CARTESIAN_POINT('',(0.02,-0.035,0.075));
#5147=CARTESIAN_POINT('',(-0.0100000023312505,-0.035,0.1));
#5148=CARTESIAN_POINT('',(0.0100000023312505,0.035,0.1));
#5149=CARTESIAN_POINT('',(-0.02,-0.035,0.075));
#5150=CARTESIAN_POINT('',(0.02,0.035,0.075));
#5151=CARTESIAN_POINT('',(0.02,0.035,0.075));
#5152=CARTESIAN_POINT('',(-0.02,-0.035,0.075));
#5153=CARTESIAN_POINT('',(-0.02,-0.035,-0.025));
#5154=CARTESIAN_POINT('',(0.02,0.035,-0.025));
#5155=CARTESIAN_POINT('',(0.02,0.035,-0.025));
#5156=CARTESIAN_POINT('',(-0.02,-0.035,-0.025));
#5157=CARTESIAN_POINT('',(0.,-0.105,0.));
#5158=CARTESIAN_POINT('',(0.,-0.105,-0.006));
#5159=CARTESIAN_POINT('',(-0.008,-0.105,-0.006));
#5160=CARTESIAN_POINT('',(0.,-0.105,-0.006));
#5161=CARTESIAN_POINT('',(0.008,-0.105,-0.006));
#5162=CARTESIAN_POINT('',(1.60069218378765E-18,-0.105,-1.0671281225251E-18));
#5163=CARTESIAN_POINT('',(5.33564061262551E-19,-0.065,-7.46989685767572E-18));
#5164=CARTESIAN_POINT('',(-0.008,-0.065,0.006));
#5165=CARTESIAN_POINT('',(-0.008,-0.065,0.006));
#5166=CARTESIAN_POINT('',(5.33564061262551E-19,-0.065,-7.46989685767572E-18));
#5167=CARTESIAN_POINT('',(0.008,-0.065,0.006));
#5168=CARTESIAN_POINT('',(0.008,-0.065,0.006));
#5169=CARTESIAN_POINT('',(1.60069218378765E-18,-0.065,-1.0671281225251E-18));
#5170=CARTESIAN_POINT('',(0.008,-0.065,-0.006));
#5171=CARTESIAN_POINT('',(0.008,-0.065,-0.006));
#5172=CARTESIAN_POINT('',(1.60069218378765E-18,-0.065,-1.0671281225251E-18));
#5173=CARTESIAN_POINT('',(-0.008,-0.065,-0.006));
#5174=CARTESIAN_POINT('',(-0.008,-0.065,-0.006));
#5175=CARTESIAN_POINT('',(-0.008,-0.065,-0.006));
#5176=CARTESIAN_POINT('',(-0.008,-0.065,-0.006));
#5177=CARTESIAN_POINT('',(-0.025,-0.065,-0.006));
#5178=CARTESIAN_POINT('',(-0.025,-0.065,-0.006));
#5179=CARTESIAN_POINT('',(-0.025,-0.12,-0.006));
#5180=CARTESIAN_POINT('',(-0.008,-0.12,-0.006));
#5181=CARTESIAN_POINT('',(-0.025,-0.065,-0.006));
#5182=CARTESIAN_POINT('',(-0.025,-0.12,-0.006));
#5183=CARTESIAN_POINT('',(-0.025,-0.12,0.006));
#5184=CARTESIAN_POINT('',(-0.025,-0.065,-0.006));
#5185=CARTESIAN_POINT('',(-0.025,-0.065,0.006));
#5186=CARTESIAN_POINT('',(-0.025,-0.065,0.006));
#5187=CARTESIAN_POINT('',(-0.025,-0.065,0.006));
#5188=CARTESIAN_POINT('',(-0.025,-0.12,0.006));
#5189=CARTESIAN_POINT('',(-0.025,-0.065,0.006));
#5190=CARTESIAN_POINT('',(0.008,-0.065,0.006));
#5191=CARTESIAN_POINT('',(0.008,-0.065,0.006));
#5192=CARTESIAN_POINT('',(0.025,-0.065,0.006));
#5193=CARTESIAN_POINT('',(0.025,-0.065,0.006));
#5194=CARTESIAN_POINT('',(0.025,-0.12,0.006));
#5195=CARTESIAN_POINT('',(0.008,-0.12,0.006));
#5196=CARTESIAN_POINT('',(0.025,-0.065,0.006));
#5197=CARTESIAN_POINT('',(0.025,-0.12,0.006));
#5198=CARTESIAN_POINT('',(0.025,-0.12,-0.006));
#5199=CARTESIAN_POINT('',(0.025,-0.065,0.006));
#5200=CARTESIAN_POINT('',(0.025,-0.065,-0.006));
#5201=CARTESIAN_POINT('',(0.025,-0.065,-0.006));
#5202=CARTESIAN_POINT('',(0.025,-0.065,-0.006));
#5203=CARTESIAN_POINT('',(0.025,-0.12,-0.006));
#5204=CARTESIAN_POINT('',(0.025,-0.065,-0.006));
#5205=CARTESIAN_POINT('',(5.33564061262551E-19,-0.065,-7.46989685767572E-18));
#5206=CARTESIAN_POINT('',(0.,0.105,0.));
#5207=CARTESIAN_POINT('',(0.,0.105,-0.006));
#5208=CARTESIAN_POINT('',(-0.008,0.105,-0.006));
#5209=CARTESIAN_POINT('',(1.60069218378765E-18,0.105,-1.0671281225251E-18));
#5210=CARTESIAN_POINT('',(0.00800000000000001,0.105,-0.006));
#5211=CARTESIAN_POINT('',(0.,0.105,-0.006));
#5212=CARTESIAN_POINT('',(-0.025,0.175,-0.006));
#5213=CARTESIAN_POINT('',(-0.025,0.175,0.006));
#5214=CARTESIAN_POINT('',(-0.025,0.065,0.006));
#5215=CARTESIAN_POINT('',(-0.025,0.065,-0.006));
#5216=CARTESIAN_POINT('',(-0.025,0.065,-0.006));
#5217=CARTESIAN_POINT('',(-0.025,0.175,-0.006));
#5218=CARTESIAN_POINT('',(0.025,0.175,0.006));
#5219=CARTESIAN_POINT('',(0.025,0.175,-0.006));
#5220=CARTESIAN_POINT('',(0.025,0.065,-0.006));
#5221=CARTESIAN_POINT('',(0.025,0.065,0.006));
#5222=CARTESIAN_POINT('',(0.025,0.065,0.006));
#5223=CARTESIAN_POINT('',(0.025,0.175,0.006));
#5224=CARTESIAN_POINT('',(-0.008,0.175,-0.006));
#5225=CARTESIAN_POINT('',(-0.008,0.065,-0.006));
#5226=CARTESIAN_POINT('',(-0.008,0.065,-0.006));
#5227=CARTESIAN_POINT('',(-0.008,0.175,-0.006));
#5228=CARTESIAN_POINT('',(-0.025,0.175,0.006));
#5229=CARTESIAN_POINT('',(-0.008,0.175,0.006));
#5230=CARTESIAN_POINT('',(-0.008,0.065,0.006));
#5231=CARTESIAN_POINT('',(-0.025,0.065,0.006));
#5232=CARTESIAN_POINT('',(0.008,0.175,0.006));
#5233=CARTESIAN_POINT('',(0.008,0.065,0.006));
#5234=CARTESIAN_POINT('',(0.008,0.065,0.006));
#5235=CARTESIAN_POINT('',(0.008,0.175,0.006));
#5236=CARTESIAN_POINT('',(0.025,0.175,-0.006));
#5237=CARTESIAN_POINT('',(0.008,0.175,-0.006));
#5238=CARTESIAN_POINT('',(0.008,0.065,-0.006));
#5239=CARTESIAN_POINT('',(0.025,0.065,-0.006));
#5240=CARTESIAN_POINT('',(5.33564061262551E-19,0.175,-7.46989685767572E-18));
#5241=CARTESIAN_POINT('',(5.33564061262551E-19,0.065,-7.46989685767572E-18));
#5242=CARTESIAN_POINT('',(1.60069218378765E-18,0.175,-1.0671281225251E-18));
#5243=CARTESIAN_POINT('',(1.60069218378765E-18,0.065,-1.0671281225251E-18));
#5244=CARTESIAN_POINT('',(5.33564061262551E-19,0.065,-7.46989685767572E-18));
#5245=CARTESIAN_POINT('',(0.,-0.12,0.));
#5246=CARTESIAN_POINT('',(0.,-0.12,0.));
#5247=CARTESIAN_POINT('',(0.,-0.12,0.));
#5248=CARTESIAN_POINT('',(0.,-0.175,0.));
#5249=CARTESIAN_POINT('',(0.,-0.15,0.));
#5250=CARTESIAN_POINT('',(0.,-0.15,-0.031));
#5251=CARTESIAN_POINT('',(0.,-0.15,0.));
#5252=CARTESIAN_POINT('',(0.,-0.175,0.));
#5253=CARTESIAN_POINT('',(0.,-0.175,-0.0235));
#5254=CARTESIAN_POINT('',(0.0235,-0.175,0.));
#5255=CARTESIAN_POINT('',(0.,0.06,7.34788079488412E-18));
#5256=CARTESIAN_POINT('',(0.0645,0.2,-0.1145));
#5257=CARTESIAN_POINT('',(0.0645,0.197000000000001,-0.1145));
#5258=CARTESIAN_POINT('',(-0.0645,0.197000000000001,-0.1145));
#5259=CARTESIAN_POINT('',(0.0645,0.197000000000001,-0.1145));
#5260=CARTESIAN_POINT('',(-0.0645,0.2,-0.1145));
#5261=CARTESIAN_POINT('',(-0.0645,0.2,-0.1145));
#5262=CARTESIAN_POINT('',(0.0645,0.2,-0.1145));
#5263=CARTESIAN_POINT('',(0.0645,0.2,-0.1145));
#5264=CARTESIAN_POINT('',(0.0645,0.2,-0.1145));
#5265=CARTESIAN_POINT('',(-0.0645,0.2,-0.1145));
#5266=CARTESIAN_POINT('',(-0.0645,0.197000000000001,-0.1145));
#5267=CARTESIAN_POINT('',(-0.0645,0.197000000000001,0.0145));
#5268=CARTESIAN_POINT('',(-0.0645,0.2,0.0145));
#5269=CARTESIAN_POINT('',(-0.0645,0.2,0.0145));
#5270=CARTESIAN_POINT('',(-0.0645,0.2,-0.1145));
#5271=CARTESIAN_POINT('',(-0.0645,0.2,0.0145));
#5272=CARTESIAN_POINT('',(-0.0645,0.197000000000001,0.0145));
#5273=CARTESIAN_POINT('',(0.0645,0.197000000000001,0.0145));
#5274=CARTESIAN_POINT('',(0.0645,0.2,0.0145));
#5275=CARTESIAN_POINT('',(0.0645,0.2,0.0145));
#5276=CARTESIAN_POINT('',(-0.0645,0.2,0.0145));
#5277=CARTESIAN_POINT('',(0.0355,0.2,-0.0855));
#5278=CARTESIAN_POINT('',(-0.0355,0.2,-0.0855));
#5279=CARTESIAN_POINT('',(-0.0355,0.2,-0.0855));
#5280=CARTESIAN_POINT('',(-0.0355,0.197000000000001,-0.0855));
#5281=CARTESIAN_POINT('',(0.0355,0.197000000000001,-0.0855));
#5282=CARTESIAN_POINT('',(0.0355,0.197000000000001,-0.0855));
#5283=CARTESIAN_POINT('',(0.0355,0.2,-0.0855));
#5284=CARTESIAN_POINT('',(0.0355,0.2,-0.0855));
#5285=CARTESIAN_POINT('',(0.0355,0.2,-0.0855));
#5286=CARTESIAN_POINT('',(0.0355,0.2,-0.0145));
#5287=CARTESIAN_POINT('',(0.0355,0.197000000000001,-0.0145));
#5288=CARTESIAN_POINT('',(0.0355,0.197000000000001,-0.0145));
#5289=CARTESIAN_POINT('',(0.0355,0.2,-0.0145));
#5290=CARTESIAN_POINT('',(0.0355,0.2,-0.0145));
#5291=CARTESIAN_POINT('',(0.0355,0.2,-0.0145));
#5292=CARTESIAN_POINT('',(-0.0355,0.2,-0.0145));
#5293=CARTESIAN_POINT('',(-0.0355,0.197000000000001,-0.0145));
#5294=CARTESIAN_POINT('',(-0.0355,0.197000000000001,-0.0145));
#5295=CARTESIAN_POINT('',(-0.0355,0.2,-0.0145));
#5296=CARTESIAN_POINT('',(-0.0355,0.2,-0.0145));
#5297=CARTESIAN_POINT('',(-0.0355,0.2,-0.0145));
#5298=CARTESIAN_POINT('',(-0.0355,0.2,-0.0855));
#5299=CARTESIAN_POINT('',(-0.0355,0.197000000000001,-0.0855));
#5300=CARTESIAN_POINT('',(-0.0355,0.2,-0.0855));
#5301=CARTESIAN_POINT('',(0.0645,0.2,0.0145));
#5302=CARTESIAN_POINT('',(0.0645,0.197000000000001,0.0145));
#5303=CARTESIAN_POINT('',(0.0645,0.2,0.0145));
#5304=CARTESIAN_POINT('',(0.0625,0.13403301,-0.0125));
#5305=CARTESIAN_POINT('',(-0.0375,0.13403301,-0.0125));
#5306=CARTESIAN_POINT('',(-0.0375,0.2,-0.0125));
#5307=CARTESIAN_POINT('',(-0.0375,0.475,-0.0125));
#5308=CARTESIAN_POINT('',(0.0625,0.2,-0.0125));
#5309=CARTESIAN_POINT('',(-0.0625,0.2,-0.0125));
#5310=CARTESIAN_POINT('',(-0.0625,0.13403301,-0.0125));
#5311=CARTESIAN_POINT('',(-0.0625,0.475,-0.0125));
#5312=CARTESIAN_POINT('',(0.0625,0.475,-0.0125));
#5313=CARTESIAN_POINT('',(0.0625,0.13403301,-0.0125));
#5314=CARTESIAN_POINT('',(0.0375,0.13403301,-0.0125));
#5315=CARTESIAN_POINT('',(0.0375,0.475,-0.0125));
#5316=CARTESIAN_POINT('',(0.0375,0.2,-0.0125));
#5317=CARTESIAN_POINT('',(0.0625,0.475,-0.0125));
#5318=CARTESIAN_POINT('',(0.0625,0.475,-0.0125));
#5319=CARTESIAN_POINT('',(0.0625,0.13403301,-0.0125));
#5320=CARTESIAN_POINT('',(0.0625,0.2,-0.0125));
#5321=CARTESIAN_POINT('',(0.0625,0.2,-0.0125));
#5322=CARTESIAN_POINT('',(0.0625,0.475,-0.0125));
#5323=CARTESIAN_POINT('',(-0.0375,0.475,-0.0125));
#5324=CARTESIAN_POINT('',(-0.0375,0.475,0.0125));
#5325=CARTESIAN_POINT('',(-0.0625,0.475,-0.0125));
#5326=CARTESIAN_POINT('',(-0.0625,0.475,0.0125));
#5327=CARTESIAN_POINT('',(0.0625,0.475,0.0125));
#5328=CARTESIAN_POINT('',(0.0625,0.475,-0.0125));
#5329=CARTESIAN_POINT('',(0.0375,0.475,-0.0125));
#5330=CARTESIAN_POINT('',(0.0375,0.475,0.0125));
#5331=CARTESIAN_POINT('',(0.0625,0.475,0.0125));
#5332=CARTESIAN_POINT('',(0.0625,0.475,0.0125));
#5333=CARTESIAN_POINT('',(0.0625,0.475,-0.0125));
#5334=CARTESIAN_POINT('',(0.0625,0.475,0.0125));
#5335=CARTESIAN_POINT('',(-0.0375,0.475,0.0125));
#5336=CARTESIAN_POINT('',(-0.0375,0.2,0.0125));
#5337=CARTESIAN_POINT('',(-0.0625,0.475,0.0125));
#5338=CARTESIAN_POINT('',(-0.0625,0.2,0.0125));
#5339=CARTESIAN_POINT('',(0.0625,0.2,0.0125));
#5340=CARTESIAN_POINT('',(0.0625,0.475,0.0125));
#5341=CARTESIAN_POINT('',(0.0375,0.475,0.0125));
#5342=CARTESIAN_POINT('',(0.0375,0.2,0.0125));
#5343=CARTESIAN_POINT('',(0.0625,0.2,0.0125));
#5344=CARTESIAN_POINT('',(0.0625,0.2,0.0125));
#5345=CARTESIAN_POINT('',(0.0625,0.475,0.0125));
#5346=CARTESIAN_POINT('',(0.0625,0.035,-0.1125));
#5347=CARTESIAN_POINT('',(-0.0375,0.035,-0.1125));
#5348=CARTESIAN_POINT('',(-0.0375,0.2,-0.1125));
#5349=CARTESIAN_POINT('',(-0.0375,0.475,-0.1125));
#5350=CARTESIAN_POINT('',(0.,0.2,-0.1125));
#5351=CARTESIAN_POINT('',(-0.0625,0.2,-0.1125));
#5352=CARTESIAN_POINT('',(-0.0625,0.035,-0.1125));
#5353=CARTESIAN_POINT('',(-0.0625,0.475,-0.1125));
#5354=CARTESIAN_POINT('',(0.0625,0.475,-0.1125));
#5355=CARTESIAN_POINT('',(0.0625,0.035,-0.1125));
#5356=CARTESIAN_POINT('',(0.0375,0.035,-0.1125));
#5357=CARTESIAN_POINT('',(0.0375,0.475,-0.1125));
#5358=CARTESIAN_POINT('',(0.0375,0.2,-0.1125));
#5359=CARTESIAN_POINT('',(0.0625,0.475,-0.1125));
#5360=CARTESIAN_POINT('',(0.0625,0.475,-0.1125));
#5361=CARTESIAN_POINT('',(0.0625,0.035,-0.1125));
#5362=CARTESIAN_POINT('',(0.0625,0.2,-0.1125));
#5363=CARTESIAN_POINT('',(0.,0.2,-0.1125));
#5364=CARTESIAN_POINT('',(0.0625,0.475,-0.1125));
#5365=CARTESIAN_POINT('',(-0.0375,0.475,-0.1125));
#5366=CARTESIAN_POINT('',(-0.0375,0.475,-0.0875));
#5367=CARTESIAN_POINT('',(-0.0625,0.475,-0.1125));
#5368=CARTESIAN_POINT('',(-0.0625,0.475,-0.0875));
#5369=CARTESIAN_POINT('',(0.0625,0.475,-0.0875));
#5370=CARTESIAN_POINT('',(0.0625,0.475,-0.1125));
#5371=CARTESIAN_POINT('',(0.0375,0.475,-0.1125));
#5372=CARTESIAN_POINT('',(0.0375,0.475,-0.0875));
#5373=CARTESIAN_POINT('',(0.0625,0.475,-0.0875));
#5374=CARTESIAN_POINT('',(0.0625,0.475,-0.0875));
#5375=CARTESIAN_POINT('',(0.0625,0.475,-0.1125));
#5376=CARTESIAN_POINT('',(0.0625,0.475,-0.0875));
#5377=CARTESIAN_POINT('',(-0.0375,0.475,-0.0875));
#5378=CARTESIAN_POINT('',(-0.0375,0.2,-0.0875));
#5379=CARTESIAN_POINT('',(-0.0625,0.475,-0.0875));
#5380=CARTESIAN_POINT('',(-0.0625,0.2,-0.0875));
#5381=CARTESIAN_POINT('',(0.,0.2,-0.0875));
#5382=CARTESIAN_POINT('',(0.0625,0.475,-0.0875));
#5383=CARTESIAN_POINT('',(0.0375,0.475,-0.0875));
#5384=CARTESIAN_POINT('',(0.0375,0.2,-0.0875));
#5385=CARTESIAN_POINT('',(0.,0.2,-0.0875));
#5386=CARTESIAN_POINT('',(0.0625,0.2,-0.0875));
#5387=CARTESIAN_POINT('',(0.0625,0.475,-0.0875));
#5388=CARTESIAN_POINT('',(0.0625,0.04546699,0.0199999999999999));
#5389=CARTESIAN_POINT('',(0.0625,0.2,0.0199999999999999));
#5390=CARTESIAN_POINT('',(-0.0625,0.04546699,0.0199999999999999));
#5391=CARTESIAN_POINT('',(-0.0625,0.2,0.0199999999999999));
#5392=CARTESIAN_POINT('',(0.,0.2,0.));
#5393=CARTESIAN_POINT('',(-0.0375,0.2,0.2));
#5394=CARTESIAN_POINT('',(0.0375,0.2,0.2));
#5395=CARTESIAN_POINT('',(-0.0375,0.2,0.2));
#5396=CARTESIAN_POINT('',(-0.0625,0.2,0.));
#5397=CARTESIAN_POINT('',(0.0375,0.2,0.2));
#5398=CARTESIAN_POINT('',(0.0625,0.2,0.));
#5399=CARTESIAN_POINT('',(0.0625,-0.119,0.02));
#5400=CARTESIAN_POINT('',(-0.0625,-0.119,0.02));
#5401=CARTESIAN_POINT('',(0.0375,0.2,0.2));
#5402=CARTESIAN_POINT('',(-0.0375,0.66,0.2));
#5403=CARTESIAN_POINT('',(-0.0375,0.66,0.2));
#5404=CARTESIAN_POINT('',(0.0375,0.2,0.2));
#5405=CARTESIAN_POINT('',(50.,0.197000000000003,-20.));
#5406=CARTESIAN_POINT('',(0.,0.01,-0.195));
#5407=CARTESIAN_POINT('',(0.0645,0.2,-0.1145));
#5408=CARTESIAN_POINT('',(0.0645,0.197000000000001,-0.1145));
#5409=CARTESIAN_POINT('',(0.0645,0.197000000000001,-0.1145));
#5410=CARTESIAN_POINT('',(-0.0645,0.197000000000001,-0.1145));
#5411=CARTESIAN_POINT('',(0.0645,0.2,-0.1145));
#5412=CARTESIAN_POINT('',(0.0645,0.195,-0.1145));
#5413=CARTESIAN_POINT('',(0.0645,0.195,-0.1145));
#5414=CARTESIAN_POINT('',(-0.0645,0.195,-0.1145));
#5415=CARTESIAN_POINT('',(-0.0645,0.2,-0.1145));
#5416=CARTESIAN_POINT('',(-0.0645,0.2,-0.1145));
#5417=CARTESIAN_POINT('',(-0.0645,0.197000000000001,-0.1145));
#5418=CARTESIAN_POINT('',(-0.0645,0.197000000000001,0.0145));
#5419=CARTESIAN_POINT('',(-0.0645,0.195,-0.1145));
#5420=CARTESIAN_POINT('',(-0.0645,0.195,0.0145));
#5421=CARTESIAN_POINT('',(-0.0645,0.2,0.0145));
#5422=CARTESIAN_POINT('',(-0.0645,0.2,0.0145));
#5423=CARTESIAN_POINT('',(-0.0645,0.197000000000001,0.0145));
#5424=CARTESIAN_POINT('',(0.0645,0.197000000000001,0.0145));
#5425=CARTESIAN_POINT('',(-0.0645,0.195,0.0145));
#5426=CARTESIAN_POINT('',(0.0645,0.195,0.0145));
#5427=CARTESIAN_POINT('',(0.0645,0.2,0.0145));
#5428=CARTESIAN_POINT('',(0.0355,0.2,-0.0855));
#5429=CARTESIAN_POINT('',(0.0355,0.2,-0.0855));
#5430=CARTESIAN_POINT('',(0.0355,0.197000000000001,-0.0855));
#5431=CARTESIAN_POINT('',(0.0355,0.195,-0.0855));
#5432=CARTESIAN_POINT('',(0.0355,0.197000000000001,-0.0855));
#5433=CARTESIAN_POINT('',(-0.0355,0.197000000000001,-0.0855));
#5434=CARTESIAN_POINT('',(-0.0355,0.2,-0.0855));
#5435=CARTESIAN_POINT('',(-0.0355,0.195,-0.0855));
#5436=CARTESIAN_POINT('',(0.0355,0.195,-0.0855));
#5437=CARTESIAN_POINT('',(0.0355,0.2,-0.0145));
#5438=CARTESIAN_POINT('',(0.0355,0.2,-0.0145));
#5439=CARTESIAN_POINT('',(0.0355,0.197000000000001,-0.0145));
#5440=CARTESIAN_POINT('',(0.0355,0.195,-0.0145));
#5441=CARTESIAN_POINT('',(0.0355,0.197000000000001,-0.0145));
#5442=CARTESIAN_POINT('',(0.0355,0.195,-0.0145));
#5443=CARTESIAN_POINT('',(-0.0355,0.2,-0.0145));
#5444=CARTESIAN_POINT('',(-0.0355,0.2,-0.0145));
#5445=CARTESIAN_POINT('',(-0.0355,0.197000000000001,-0.0145));
#5446=CARTESIAN_POINT('',(-0.0355,0.195,-0.0145));
#5447=CARTESIAN_POINT('',(-0.0355,0.197000000000001,-0.0145));
#5448=CARTESIAN_POINT('',(-0.0355,0.195,-0.0145));
#5449=CARTESIAN_POINT('',(-0.0355,0.2,-0.0855));
#5450=CARTESIAN_POINT('',(-0.0355,0.197000000000001,-0.0855));
#5451=CARTESIAN_POINT('',(-0.0355,0.195,-0.0855));
#5452=CARTESIAN_POINT('',(0.0645,0.2,0.0145));
#5453=CARTESIAN_POINT('',(0.0645,0.197000000000001,0.0145));
#5454=CARTESIAN_POINT('',(0.0645,0.195,0.0145));
#5455=CARTESIAN_POINT('',(0.0625,0.13403301,0.0375000000000001));
#5456=CARTESIAN_POINT('',(0.0625,0.116355341172313,0.0198223297683595));
#5457=CARTESIAN_POINT('',(-0.0375,0.116355341172313,0.0198223297683595));
#5458=CARTESIAN_POINT('',(-0.0625,0.116355341172313,0.0198223297683595));
#5459=CARTESIAN_POINT('',(-0.0375,0.13403301,0.0375000000000001));
#5460=CARTESIAN_POINT('',(-0.0375,0.13403301,0.0125));
#5461=CARTESIAN_POINT('',(0.0625,0.13403301,0.0125));
#5462=CARTESIAN_POINT('',(-0.0625,0.13403301,0.0125));
#5463=CARTESIAN_POINT('',(-0.0625,0.13403301,0.0375000000000001));
#5464=CARTESIAN_POINT('',(0.0625,0.13403301,0.0375000000000001));
#5465=CARTESIAN_POINT('',(0.0625,0.13403301,0.0125));
#5466=CARTESIAN_POINT('',(0.0625,0.13403301,0.0125));
#5467=CARTESIAN_POINT('',(0.0375,0.13403301,0.0125));
#5468=CARTESIAN_POINT('',(0.0375,0.13403301,0.0375000000000001));
#5469=CARTESIAN_POINT('',(0.0375,0.116355341172313,0.0198223297683595));
#5470=CARTESIAN_POINT('',(0.0625,0.116355341172313,0.0198223297683595));
#5471=CARTESIAN_POINT('',(0.0625,0.116355341172313,0.0198223297683595));
#5472=CARTESIAN_POINT('',(0.0625,0.13403301,0.0375000000000001));
#5473=CARTESIAN_POINT('',(0.0625,0.116355341172313,0.0198223297683595));
#5474=CARTESIAN_POINT('',(-0.0375,0.116355341172313,0.0198223297683595));
#5475=CARTESIAN_POINT('',(-0.0375,0.0808223276553738,0.055355340463281));
#5476=CARTESIAN_POINT('',(-0.0625,0.116355341172313,0.0198223297683595));
#5477=CARTESIAN_POINT('',(-0.0625,0.0808223276553738,0.055355340463281));
#5478=CARTESIAN_POINT('',(0.0625,0.0808223276553738,0.055355340463281));
#5479=CARTESIAN_POINT('',(0.0625,0.116355341172313,0.0198223297683595));
#5480=CARTESIAN_POINT('',(0.0375,0.116355341172313,0.0198223297683595));
#5481=CARTESIAN_POINT('',(0.0375,0.0808223276553738,0.055355340463281));
#5482=CARTESIAN_POINT('',(0.0625,0.0808223276553738,0.055355340463281));
#5483=CARTESIAN_POINT('',(0.0625,0.0808223276553738,0.055355340463281));
#5484=CARTESIAN_POINT('',(0.0625,0.116355341172313,0.0198223297683595));
#5485=CARTESIAN_POINT('',(0.0625,0.04546699,0.0199999999999999));
#5486=CARTESIAN_POINT('',(-0.0375,0.04546699,0.0199999999999999));
#5487=CARTESIAN_POINT('',(-0.0375,0.04546699,0.07));
#5488=CARTESIAN_POINT('',(-0.0625,0.04546699,0.0199999999999999));
#5489=CARTESIAN_POINT('',(-0.0625,0.04546699,0.07));
#5490=CARTESIAN_POINT('',(0.0625,0.04546699,0.07));
#5491=CARTESIAN_POINT('',(0.0625,0.04546699,0.0199999999999999));
#5492=CARTESIAN_POINT('',(0.0375,0.04546699,0.0199999999999999));
#5493=CARTESIAN_POINT('',(0.0375,0.04546699,0.07));
#5494=CARTESIAN_POINT('',(0.0625,0.04546699,0.07));
#5495=CARTESIAN_POINT('',(0.0625,0.04546699,0.07));
#5496=CARTESIAN_POINT('',(0.0625,0.04546699,0.0199999999999999));
#5497=CARTESIAN_POINT('',(0.0625,0.04546699,0.07));
#5498=CARTESIAN_POINT('',(-0.0375,0.04546699,0.07));
#5499=CARTESIAN_POINT('',(-0.0375,0.,0.07));
#5500=CARTESIAN_POINT('',(-0.0625,0.04546699,0.07));
#5501=CARTESIAN_POINT('',(-0.0625,0.,0.07));
#5502=CARTESIAN_POINT('',(0.0625,0.,0.07));
#5503=CARTESIAN_POINT('',(0.0625,0.04546699,0.07));
#5504=CARTESIAN_POINT('',(0.0375,0.04546699,0.07));
#5505=CARTESIAN_POINT('',(0.0375,0.,0.07));
#5506=CARTESIAN_POINT('',(0.0625,0.,0.07));
#5507=CARTESIAN_POINT('',(0.0625,0.,0.07));
#5508=CARTESIAN_POINT('',(0.0625,0.04546699,0.07));
#5509=CARTESIAN_POINT('',(0.0625,0.,0.07));
#5510=CARTESIAN_POINT('',(-0.0375,0.,0.07));
#5511=CARTESIAN_POINT('',(-0.0375,0.,0.045));
#5512=CARTESIAN_POINT('',(-0.0625,0.,0.07));
#5513=CARTESIAN_POINT('',(-0.0625,0.,0.045));
#5514=CARTESIAN_POINT('',(0.0625,0.,0.045));
#5515=CARTESIAN_POINT('',(0.0625,0.,0.07));
#5516=CARTESIAN_POINT('',(0.0375,0.,0.07));
#5517=CARTESIAN_POINT('',(0.0375,0.,0.045));
#5518=CARTESIAN_POINT('',(0.0625,0.,0.045));
#5519=CARTESIAN_POINT('',(0.0625,0.,0.045));
#5520=CARTESIAN_POINT('',(0.0625,0.,0.07));
#5521=CARTESIAN_POINT('',(0.0625,0.,0.045));
#5522=CARTESIAN_POINT('',(-0.0375,0.,0.045));
#5523=CARTESIAN_POINT('',(-0.0375,0.04546699,0.045));
#5524=CARTESIAN_POINT('',(-0.0625,0.,0.045));
#5525=CARTESIAN_POINT('',(-0.0625,0.04546699,0.045));
#5526=CARTESIAN_POINT('',(0.0625,0.04546699,0.045));
#5527=CARTESIAN_POINT('',(0.0625,0.,0.045));
#5528=CARTESIAN_POINT('',(0.0375,0.,0.045));
#5529=CARTESIAN_POINT('',(0.0375,0.04546699,0.045));
#5530=CARTESIAN_POINT('',(0.0625,0.04546699,0.045));
#5531=CARTESIAN_POINT('',(0.0625,0.04546699,0.045));
#5532=CARTESIAN_POINT('',(0.0625,0.,0.045));
#5533=CARTESIAN_POINT('',(0.0625,0.04546699,0.0199999999999999));
#5534=CARTESIAN_POINT('',(0.0625,0.0631446588276869,0.0376776702316405));
#5535=CARTESIAN_POINT('',(-0.0375,0.0631446588276869,0.0376776702316405));
#5536=CARTESIAN_POINT('',(-0.0625,0.0631446588276869,0.0376776702316405));
#5537=CARTESIAN_POINT('',(-0.0375,0.04546699,0.0199999999999999));
#5538=CARTESIAN_POINT('',(-0.0625,0.04546699,0.0199999999999999));
#5539=CARTESIAN_POINT('',(0.0625,0.04546699,0.0199999999999999));
#5540=CARTESIAN_POINT('',(0.0375,0.04546699,0.0199999999999999));
#5541=CARTESIAN_POINT('',(0.0375,0.0631446588276869,0.0376776702316405));
#5542=CARTESIAN_POINT('',(0.0625,0.0631446588276869,0.0376776702316405));
#5543=CARTESIAN_POINT('',(0.0625,0.0631446588276869,0.0376776702316405));
#5544=CARTESIAN_POINT('',(0.0625,0.04546699,0.0199999999999999));
#5545=CARTESIAN_POINT('',(0.0625,0.0631446588276869,0.0376776702316405));
#5546=CARTESIAN_POINT('',(-0.0375,0.0631446588276869,0.0376776702316405));
#5547=CARTESIAN_POINT('',(-0.0375,0.0986776723446263,0.00214465953671904));
#5548=CARTESIAN_POINT('',(-0.0625,0.0631446588276869,0.0376776702316405));
#5549=CARTESIAN_POINT('',(-0.0625,0.0986776723446263,0.00214465953671904));
#5550=CARTESIAN_POINT('',(0.0625,0.0986776723446263,0.00214465953671904));
#5551=CARTESIAN_POINT('',(0.0625,0.0631446588276869,0.0376776702316405));
#5552=CARTESIAN_POINT('',(0.0375,0.0631446588276869,0.0376776702316405));
#5553=CARTESIAN_POINT('',(0.0375,0.0986776723446263,0.00214465953671904));
#5554=CARTESIAN_POINT('',(0.0625,0.0986776723446263,0.00214465953671904));
#5555=CARTESIAN_POINT('',(0.0625,0.0986776723446263,0.00214465953671904));
#5556=CARTESIAN_POINT('',(0.0625,0.0631446588276869,0.0376776702316405));
#5557=CARTESIAN_POINT('',(0.0625,0.13403301,0.0375));
#5558=CARTESIAN_POINT('',(-0.0375,0.13403301,0.0375));
#5559=CARTESIAN_POINT('',(-0.0375,0.13403301,-0.0125));
#5560=CARTESIAN_POINT('',(-0.0625,0.13403301,0.0375));
#5561=CARTESIAN_POINT('',(-0.0625,0.13403301,-0.0125));
#5562=CARTESIAN_POINT('',(0.0625,0.13403301,-0.0125));
#5563=CARTESIAN_POINT('',(0.0625,0.13403301,0.0375));
#5564=CARTESIAN_POINT('',(0.0375,0.13403301,0.0375));
#5565=CARTESIAN_POINT('',(0.0375,0.13403301,-0.0125));
#5566=CARTESIAN_POINT('',(0.0625,0.13403301,-0.0125));
#5567=CARTESIAN_POINT('',(0.0625,0.13403301,-0.0125));
#5568=CARTESIAN_POINT('',(0.0625,0.13403301,0.0375));
#5569=CARTESIAN_POINT('',(0.0625,0.475,0.0125));
#5570=CARTESIAN_POINT('',(-0.0375,0.475,0.0125));
#5571=CARTESIAN_POINT('',(-0.0375,0.195,0.0125));
#5572=CARTESIAN_POINT('',(0.0625,0.195,0.0125));
#5573=CARTESIAN_POINT('',(-0.0625,0.195,0.0125));
#5574=CARTESIAN_POINT('',(-0.0625,0.475,0.0125));
#5575=CARTESIAN_POINT('',(0.0625,0.475,0.0125));
#5576=CARTESIAN_POINT('',(0.0375,0.475,0.0125));
#5577=CARTESIAN_POINT('',(0.0375,0.195,0.0125));
#5578=CARTESIAN_POINT('',(0.0625,0.475,0.0125));
#5579=CARTESIAN_POINT('',(0.0625,0.195,0.0125));
#5580=CARTESIAN_POINT('',(0.0625,0.195,0.0125));
#5581=CARTESIAN_POINT('',(0.0625,0.13403301,-0.0125));
#5582=CARTESIAN_POINT('',(-0.0375,0.13403301,-0.0125));
#5583=CARTESIAN_POINT('',(-0.0375,0.195,-0.0125));
#5584=CARTESIAN_POINT('',(-0.0625,0.13403301,-0.0125));
#5585=CARTESIAN_POINT('',(-0.0625,0.195,-0.0125));
#5586=CARTESIAN_POINT('',(0.0625,0.195,-0.0125));
#5587=CARTESIAN_POINT('',(0.0625,0.13403301,-0.0125));
#5588=CARTESIAN_POINT('',(0.0375,0.13403301,-0.0125));
#5589=CARTESIAN_POINT('',(0.0375,0.195,-0.0125));
#5590=CARTESIAN_POINT('',(0.0625,0.195,-0.0125));
#5591=CARTESIAN_POINT('',(0.0625,0.195,-0.0125));
#5592=CARTESIAN_POINT('',(0.0625,0.13403301,-0.0125));
#5593=CARTESIAN_POINT('',(0.0625,0.0350000000000001,-0.0624999999999999));
#5594=CARTESIAN_POINT('',(0.0625,0.0148773341450887,-0.0773350368685617));
#5595=CARTESIAN_POINT('',(-0.0375,0.0148773341450887,-0.0773350368685617));
#5596=CARTESIAN_POINT('',(-0.0625,0.0148773341450887,-0.0773350368685617));
#5597=CARTESIAN_POINT('',(-0.0375,0.0350000000000001,-0.0624999999999999));
#5598=CARTESIAN_POINT('',(-0.0375,0.0350000000000001,-0.0875));
#5599=CARTESIAN_POINT('',(0.0625,0.035,-0.0875));
#5600=CARTESIAN_POINT('',(-0.0625,0.035,-0.0875));
#5601=CARTESIAN_POINT('',(-0.0625,0.0350000000000001,-0.0624999999999999));
#5602=CARTESIAN_POINT('',(0.0625,0.0350000000000001,-0.0624999999999999));
#5603=CARTESIAN_POINT('',(0.0625,0.035,-0.0875));
#5604=CARTESIAN_POINT('',(0.0625,0.035,-0.0875));
#5605=CARTESIAN_POINT('',(0.0375,0.035,-0.0875));
#5606=CARTESIAN_POINT('',(0.0375,0.0350000000000001,-0.0624999999999999));
#5607=CARTESIAN_POINT('',(0.0375,0.0148773341450887,-0.0773350368685617));
#5608=CARTESIAN_POINT('',(0.0625,0.0148773341450887,-0.0773350368685617));
#5609=CARTESIAN_POINT('',(0.0625,0.0148773341450887,-0.0773350368685617));
#5610=CARTESIAN_POINT('',(0.0625,0.0350000000000001,-0.0624999999999999));
#5611=CARTESIAN_POINT('',(0.0625,0.0148773341450887,-0.0773350368685617));
#5612=CARTESIAN_POINT('',(-0.0375,0.0148773341450887,-0.0773350368685617));
#5613=CARTESIAN_POINT('',(-0.0375,-0.0787546682901774,0.0496700737371235));
#5614=CARTESIAN_POINT('',(-0.0625,0.0148773341450887,-0.0773350368685617));
#5615=CARTESIAN_POINT('',(-0.0625,-0.0787546682901774,0.0496700737371235));
#5616=CARTESIAN_POINT('',(0.0625,-0.0787546682901774,0.0496700737371235));
#5617=CARTESIAN_POINT('',(0.0625,0.0148773341450887,-0.0773350368685617));
#5618=CARTESIAN_POINT('',(0.0375,0.0148773341450887,-0.0773350368685617));
#5619=CARTESIAN_POINT('',(0.0375,-0.0787546682901774,0.0496700737371235));
#5620=CARTESIAN_POINT('',(0.0625,-0.0787546682901774,0.0496700737371235));
#5621=CARTESIAN_POINT('',(0.0625,-0.0787546682901774,0.0496700737371235));
#5622=CARTESIAN_POINT('',(0.0625,0.0148773341450887,-0.0773350368685617));
#5623=CARTESIAN_POINT('',(0.0625,-0.119,0.02));
#5624=CARTESIAN_POINT('',(-0.0375,-0.119,0.02));
#5625=CARTESIAN_POINT('',(-0.0375,-0.119,0.07));
#5626=CARTESIAN_POINT('',(-0.0625,-0.119,0.02));
#5627=CARTESIAN_POINT('',(-0.0625,-0.119,0.07));
#5628=CARTESIAN_POINT('',(0.0625,-0.119,0.07));
#5629=CARTESIAN_POINT('',(0.0625,-0.119,0.02));
#5630=CARTESIAN_POINT('',(0.0375,-0.119,0.02));
#5631=CARTESIAN_POINT('',(0.0375,-0.119,0.07));
#5632=CARTESIAN_POINT('',(0.0625,-0.119,0.07));
#5633=CARTESIAN_POINT('',(0.0625,-0.119,0.07));
#5634=CARTESIAN_POINT('',(0.0625,-0.119,0.02));
#5635=CARTESIAN_POINT('',(0.0625,-0.119,0.07));
#5636=CARTESIAN_POINT('',(-0.0375,-0.119,0.07));
#5637=CARTESIAN_POINT('',(-0.0375,-0.165,0.07));
#5638=CARTESIAN_POINT('',(-0.0625,-0.119,0.07));
#5639=CARTESIAN_POINT('',(-0.0625,-0.165,0.07));
#5640=CARTESIAN_POINT('',(0.0625,-0.165,0.07));
#5641=CARTESIAN_POINT('',(0.0625,-0.119,0.07));
#5642=CARTESIAN_POINT('',(0.0375,-0.119,0.07));
#5643=CARTESIAN_POINT('',(0.0375,-0.165,0.07));
#5644=CARTESIAN_POINT('',(0.0625,-0.165,0.07));
#5645=CARTESIAN_POINT('',(0.0625,-0.165,0.07));
#5646=CARTESIAN_POINT('',(0.0625,-0.119,0.07));
#5647=CARTESIAN_POINT('',(0.0625,-0.165,0.07));
#5648=CARTESIAN_POINT('',(-0.0375,-0.165,0.07));
#5649=CARTESIAN_POINT('',(-0.0375,-0.165,0.045));
#5650=CARTESIAN_POINT('',(-0.0625,-0.165,0.07));
#5651=CARTESIAN_POINT('',(-0.0625,-0.165,0.045));
#5652=CARTESIAN_POINT('',(0.0625,-0.165,0.045));
#5653=CARTESIAN_POINT('',(0.0625,-0.165,0.07));
#5654=CARTESIAN_POINT('',(0.0375,-0.165,0.07));
#5655=CARTESIAN_POINT('',(0.0375,-0.165,0.045));
#5656=CARTESIAN_POINT('',(0.0625,-0.165,0.045));
#5657=CARTESIAN_POINT('',(0.0625,-0.165,0.045));
#5658=CARTESIAN_POINT('',(0.0625,-0.165,0.07));
#5659=CARTESIAN_POINT('',(0.0625,-0.165,0.045));
#5660=CARTESIAN_POINT('',(-0.0375,-0.165,0.045));
#5661=CARTESIAN_POINT('',(-0.0375,-0.119,0.045));
#5662=CARTESIAN_POINT('',(-0.0625,-0.165,0.045));
#5663=CARTESIAN_POINT('',(-0.0625,-0.119,0.045));
#5664=CARTESIAN_POINT('',(0.0625,-0.119,0.045));
#5665=CARTESIAN_POINT('',(0.0625,-0.165,0.045));
#5666=CARTESIAN_POINT('',(0.0375,-0.165,0.045));
#5667=CARTESIAN_POINT('',(0.0375,-0.119,0.045));
#5668=CARTESIAN_POINT('',(0.0625,-0.119,0.045));
#5669=CARTESIAN_POINT('',(0.0625,-0.119,0.045));
#5670=CARTESIAN_POINT('',(0.0625,-0.165,0.045));
#5671=CARTESIAN_POINT('',(0.0625,-0.119,0.02));
#5672=CARTESIAN_POINT('',(0.0625,-0.0988773341450887,0.0348350368685617));
#5673=CARTESIAN_POINT('',(-0.0375,-0.0988773341450887,0.0348350368685617));
#5674=CARTESIAN_POINT('',(-0.0625,-0.0988773341450887,0.0348350368685617));
#5675=CARTESIAN_POINT('',(-0.0375,-0.119,0.02));
#5676=CARTESIAN_POINT('',(-0.0625,-0.119,0.02));
#5677=CARTESIAN_POINT('',(0.0625,-0.119,0.02));
#5678=CARTESIAN_POINT('',(0.0375,-0.119,0.02));
#5679=CARTESIAN_POINT('',(0.0375,-0.0988773341450887,0.0348350368685617));
#5680=CARTESIAN_POINT('',(0.0625,-0.0988773341450887,0.0348350368685617));
#5681=CARTESIAN_POINT('',(0.0625,-0.0988773341450887,0.0348350368685617));
#5682=CARTESIAN_POINT('',(0.0625,-0.119,0.02));
#5683=CARTESIAN_POINT('',(0.0625,-0.0988773341450887,0.0348350368685617));
#5684=CARTESIAN_POINT('',(-0.0375,-0.0988773341450887,0.0348350368685617));
#5685=CARTESIAN_POINT('',(-0.0375,-0.00524533170982265,-0.0921700737371234));
#5686=CARTESIAN_POINT('',(-0.0625,-0.0988773341450887,0.0348350368685617));
#5687=CARTESIAN_POINT('',(-0.0625,-0.00524533170982264,-0.0921700737371234));
#5688=CARTESIAN_POINT('',(0.0625,-0.00524533170982264,-0.0921700737371234));
#5689=CARTESIAN_POINT('',(0.0625,-0.0988773341450887,0.0348350368685617));
#5690=CARTESIAN_POINT('',(0.0375,-0.0988773341450887,0.0348350368685617));
#5691=CARTESIAN_POINT('',(0.0375,-0.00524533170982265,-0.0921700737371234));
#5692=CARTESIAN_POINT('',(0.0625,-0.00524533170982264,-0.0921700737371234));
#5693=CARTESIAN_POINT('',(0.0625,-0.00524533170982264,-0.0921700737371234));
#5694=CARTESIAN_POINT('',(0.0625,-0.0988773341450887,0.0348350368685617));
#5695=CARTESIAN_POINT('',(0.0625,0.0350000000000001,-0.0624999999999999));
#5696=CARTESIAN_POINT('',(-0.0375,0.0350000000000001,-0.0624999999999999));
#5697=CARTESIAN_POINT('',(-0.0375,0.035,-0.1125));
#5698=CARTESIAN_POINT('',(-0.0625,0.0350000000000001,-0.0624999999999999));
#5699=CARTESIAN_POINT('',(-0.0625,0.035,-0.1125));
#5700=CARTESIAN_POINT('',(0.0625,0.035,-0.1125));
#5701=CARTESIAN_POINT('',(0.0625,0.0350000000000001,-0.0624999999999999));
#5702=CARTESIAN_POINT('',(0.0375,0.0350000000000001,-0.0624999999999999));
#5703=CARTESIAN_POINT('',(0.0375,0.035,-0.1125));
#5704=CARTESIAN_POINT('',(0.0625,0.035,-0.1125));
#5705=CARTESIAN_POINT('',(0.0625,0.035,-0.1125));
#5706=CARTESIAN_POINT('',(0.0625,0.0350000000000001,-0.0624999999999999));
#5707=CARTESIAN_POINT('',(0.0625,0.475,-0.0875));
#5708=CARTESIAN_POINT('',(-0.0375,0.475,-0.0875));
#5709=CARTESIAN_POINT('',(-0.0375,0.195,-0.0875));
#5710=CARTESIAN_POINT('',(0.,0.195,-0.0875));
#5711=CARTESIAN_POINT('',(-0.0625,0.195,-0.0875));
#5712=CARTESIAN_POINT('',(-0.0625,0.475,-0.0875));
#5713=CARTESIAN_POINT('',(0.0625,0.475,-0.0875));
#5714=CARTESIAN_POINT('',(0.0375,0.475,-0.0875));
#5715=CARTESIAN_POINT('',(0.0375,0.195,-0.0875));
#5716=CARTESIAN_POINT('',(0.0625,0.475,-0.0875));
#5717=CARTESIAN_POINT('',(0.0625,0.195,-0.0875));
#5718=CARTESIAN_POINT('',(0.,0.195,-0.0875));
#5719=CARTESIAN_POINT('',(0.0625,0.035,-0.1125));
#5720=CARTESIAN_POINT('',(-0.0375,0.035,-0.1125));
#5721=CARTESIAN_POINT('',(-0.0375,0.195,-0.1125));
#5722=CARTESIAN_POINT('',(-0.0625,0.035,-0.1125));
#5723=CARTESIAN_POINT('',(-0.0625,0.195,-0.1125));
#5724=CARTESIAN_POINT('',(0.,0.195,-0.1125));
#5725=CARTESIAN_POINT('',(0.0625,0.035,-0.1125));
#5726=CARTESIAN_POINT('',(0.0375,0.035,-0.1125));
#5727=CARTESIAN_POINT('',(0.0375,0.195,-0.1125));
#5728=CARTESIAN_POINT('',(0.,0.195,-0.1125));
#5729=CARTESIAN_POINT('',(0.0625,0.195,-0.1125));
#5730=CARTESIAN_POINT('',(0.0625,0.035,-0.1125));
#5731=CARTESIAN_POINT('',(0.,0.195,0.));
#5732=CARTESIAN_POINT('',(-0.0375,0.195,0.2));
#5733=CARTESIAN_POINT('',(-0.0625,0.195,0.0199999999999999));
#5734=CARTESIAN_POINT('',(-0.0375,0.195,0.2));
#5735=CARTESIAN_POINT('',(-0.0625,0.195,0.));
#5736=CARTESIAN_POINT('',(0.0375,0.195,0.2));
#5737=CARTESIAN_POINT('',(0.0625,0.195,0.));
#5738=CARTESIAN_POINT('',(0.0375,0.195,0.2));
#5739=CARTESIAN_POINT('',(0.0625,0.195,0.0199999999999999));
#5740=CARTESIAN_POINT('',(0.0625,0.04546699,0.0199999999999999));
#5741=CARTESIAN_POINT('',(-0.0625,0.04546699,0.0199999999999999));
#5742=CARTESIAN_POINT('',(-0.0625,-0.119,0.02));
#5743=CARTESIAN_POINT('',(0.0625,-0.119,0.02));
#5744=CARTESIAN_POINT('',(0.0375,-0.265,0.2));
#5745=CARTESIAN_POINT('',(-0.0375,0.195,0.2));
#5746=CARTESIAN_POINT('',(-0.0375,0.195,0.2));
#5747=CARTESIAN_POINT('',(0.0375,-0.265,0.2));
#5748=CARTESIAN_POINT('',(50.,0.197000000000003,20.));
#5749=CARTESIAN_POINT('',(0.,0.01,-0.195));
#5750=MECHANICAL_DESIGN_GEOMETRIC_PRESENTATION_REPRESENTATION('',(#3565,
#3566,#3567),#5751);
#5751=(
GEOMETRIC_REPRESENTATION_CONTEXT(3)
GLOBAL_UNCERTAINTY_ASSIGNED_CONTEXT((#5755))
GLOBAL_UNIT_ASSIGNED_CONTEXT((#5761,#5760,#5759))
REPRESENTATION_CONTEXT('TSM-102-01-L-DH-A','TOP_LEVEL_ASSEMBLY_PART')
);
#5752=(
GEOMETRIC_REPRESENTATION_CONTEXT(3)
GLOBAL_UNCERTAINTY_ASSIGNED_CONTEXT((#5756))
GLOBAL_UNIT_ASSIGNED_CONTEXT((#5761,#5760,#5759))
REPRESENTATION_CONTEXT('TSM-102-01-DH-A_body','COMPONENT_PART')
);
#5753=(
GEOMETRIC_REPRESENTATION_CONTEXT(3)
GLOBAL_UNCERTAINTY_ASSIGNED_CONTEXT((#5757))
GLOBAL_UNIT_ASSIGNED_CONTEXT((#5761,#5760,#5759))
REPRESENTATION_CONTEXT('T-1S6-09-L(-01-2-DH)','COMPONENT_PART')
);
#5754=(
GEOMETRIC_REPRESENTATION_CONTEXT(3)
GLOBAL_UNCERTAINTY_ASSIGNED_CONTEXT((#5758))
GLOBAL_UNIT_ASSIGNED_CONTEXT((#5761,#5760,#5759))
REPRESENTATION_CONTEXT('T-1S6-09-L(-01-2-DH)2','COMPONENT_PART')
);
#5755=UNCERTAINTY_MEASURE_WITH_UNIT(LENGTH_MEASURE(3.93700787401575E-7),
#5761,'DISTANCE_ACCURACY_VALUE','Maximum Tolerance applied to model');
#5756=UNCERTAINTY_MEASURE_WITH_UNIT(LENGTH_MEASURE(3.93700787401575E-7),
#5761,'DISTANCE_ACCURACY_VALUE','Maximum Tolerance applied to model');
#5757=UNCERTAINTY_MEASURE_WITH_UNIT(LENGTH_MEASURE(3.93700787401575E-7),
#5761,'DISTANCE_ACCURACY_VALUE','Maximum Tolerance applied to model');
#5758=UNCERTAINTY_MEASURE_WITH_UNIT(LENGTH_MEASURE(3.93700787401575E-7),
#5761,'DISTANCE_ACCURACY_VALUE','Maximum Tolerance applied to model');
#5759=(
NAMED_UNIT(*)
SI_UNIT($,.STERADIAN.)
SOLID_ANGLE_UNIT()
);
#5760=(
NAMED_UNIT(*)
PLANE_ANGLE_UNIT()
SI_UNIT($,.RADIAN.)
);
#5761=(
CONVERSION_BASED_UNIT('INCH',#5763)
LENGTH_UNIT()
NAMED_UNIT(#5762)
);
#5762=DIMENSIONAL_EXPONENTS(1.,0.,0.,0.,0.,0.,0.);
#5763=LENGTH_MEASURE_WITH_UNIT(LENGTH_MEASURE(25.4),#5764);
#5764=(
LENGTH_UNIT()
NAMED_UNIT(*)
SI_UNIT(.MILLI.,.METRE.)
);
#5765=PRODUCT_DEFINITION_SHAPE('','',#5772);
#5766=PRODUCT_DEFINITION_SHAPE('','',#5773);
#5767=PRODUCT_DEFINITION_SHAPE(' ','NAUO PRDDFN',#21);
#5768=PRODUCT_DEFINITION_SHAPE('','',#5774);
#5769=PRODUCT_DEFINITION_SHAPE(' ','NAUO PRDDFN',#22);
#5770=PRODUCT_DEFINITION_SHAPE('','',#5775);
#5771=PRODUCT_DEFINITION_SHAPE(' ','NAUO PRDDFN',#23);
#5772=PRODUCT_DEFINITION('','',#5780,#5776);
#5773=PRODUCT_DEFINITION('','',#5781,#5777);
#5774=PRODUCT_DEFINITION('','',#5782,#5778);
#5775=PRODUCT_DEFINITION('','',#5783,#5779);
#5776=PRODUCT_DEFINITION_CONTEXT('',#5801,'design');
#5777=PRODUCT_DEFINITION_CONTEXT('',#5801,'design');
#5778=PRODUCT_DEFINITION_CONTEXT('',#5801,'design');
#5779=PRODUCT_DEFINITION_CONTEXT('',#5801,'design');
#5780=PRODUCT_DEFINITION_FORMATION_WITH_SPECIFIED_SOURCE('','',#5788,
 .NOT_KNOWN.);
#5781=PRODUCT_DEFINITION_FORMATION_WITH_SPECIFIED_SOURCE('','',#5789,
 .NOT_KNOWN.);
#5782=PRODUCT_DEFINITION_FORMATION_WITH_SPECIFIED_SOURCE('','',#5790,
 .NOT_KNOWN.);
#5783=PRODUCT_DEFINITION_FORMATION_WITH_SPECIFIED_SOURCE('','',#5791,
 .NOT_KNOWN.);
#5784=PRODUCT_RELATED_PRODUCT_CATEGORY('','',(#5788));
#5785=PRODUCT_RELATED_PRODUCT_CATEGORY('','',(#5789));
#5786=PRODUCT_RELATED_PRODUCT_CATEGORY('','',(#5790));
#5787=PRODUCT_RELATED_PRODUCT_CATEGORY('','',(#5791));
#5788=PRODUCT('TSM-102-01-L-DH-A','TSM-102-01-L-DH-A',
'TSM-102-01-L-DH-A',(#5796));
#5789=PRODUCT('TSM-102-01-DH-A_body','TSM-102-01-DH-A_body',
'TSM-102-01-DH-A_body',(#5797));
#5790=PRODUCT('T-1S6-09-L(-01-2-DH)','T-1S6-09-L(-01-2-DH)',
'T-1S6-09-L(-01-2-DH)',(#5798));
#5791=PRODUCT('T-1S6-09-L(-01-2-DH)2','T-1S6-09-L(-01-2-DH)2',
'T-1S6-09-L(-01-2-DH)2',(#5799));
#5792=PRODUCT_CATEGORY('','');
#5793=PRODUCT_CATEGORY('','');
#5794=PRODUCT_CATEGORY('','');
#5795=PRODUCT_CATEGORY('','');
#5796=PRODUCT_CONTEXT('',#5801,'mechanical');
#5797=PRODUCT_CONTEXT('',#5801,'mechanical');
#5798=PRODUCT_CONTEXT('',#5801,'mechanical');
#5799=PRODUCT_CONTEXT('',#5801,'mechanical');
#5800=APPLICATION_PROTOCOL_DEFINITION('international standard',
'automotive_design',2010,#5801);
#5801=APPLICATION_CONTEXT(
'core data for automotive mechanical design processes');
ENDSEC;
END-ISO-10303-21;
